"Temperature Date","Temperature Value"
"1000-01-01",0.07
"1001-01-01",-0.01
"1002-01-01",-0.01
"1003-01-01",0.03
"1004-01-01",-0.04
"1005-01-01",-0.15
"1006-01-01",-0.02
"1007-01-01",0.2
"1008-01-01",0.19
"1009-01-01",0.08
"1010-01-01",0.07
"1011-01-01",0.11
"1012-01-01",0.1
"1013-01-01",0.02
"1014-01-01",0.02
"1015-01-01",0.19
"1016-01-01",0.37
"1017-01-01",0.4
"1018-01-01",0.29
"1019-01-01",0.21
"1020-01-01",0.17
"1021-01-01",0.04
"1022-01-01",0.02
"1023-01-01",0.18
"1024-01-01",0.21
"1025-01-01",0.07
"1026-01-01",0.01
"1027-01-01",0.1
"1028-01-01",0.18
"1029-01-01",0.19
"1030-01-01",0.2
"1031-01-01",0.16
"1032-01-01",0.05
"1033-01-01",-0.03
"1034-01-01",-0.06
"1035-01-01",-0.1
"1036-01-01",-0.07
"1037-01-01",0.02
"1038-01-01",0.06
"1039-01-01",0.06
"1040-01-01",0.11
"1041-01-01",0.18
"1042-01-01",0.08
"1043-01-01",-0.13
"1044-01-01",-0.18
"1045-01-01",-0.06
"1046-01-01",0.03
"1047-01-01",-0.06
"1048-01-01",-0.24
"1049-01-01",-0.22
"1050-01-01",-0.08
"1051-01-01",-0.03
"1052-01-01",-0.07
"1053-01-01",-0.1
"1054-01-01",-0.12
"1055-01-01",-0.18
"1056-01-01",-0.15
"1057-01-01",-0.08
"1058-01-01",-0.1
"1059-01-01",-0.1
"1060-01-01",0.08
"1061-01-01",0.23
"1062-01-01",0.1
"1063-01-01",-0.03
"1064-01-01",0.09
"1065-01-01",0.17
"1066-01-01",-0.02
"1067-01-01",-0.24
"1068-01-01",-0.3
"1069-01-01",-0.32
"1070-01-01",-0.31
"1071-01-01",-0.22
"1072-01-01",-0.16
"1073-01-01",-0.17
"1074-01-01",-0.14
"1075-01-01",-0.06
"1076-01-01",-0.05
"1077-01-01",-0.11
"1078-01-01",-0.13
"1079-01-01",-0.02
"1080-01-01",0.09
"1081-01-01",0.14
"1082-01-01",0.12
"1083-01-01",0.07
"1084-01-01",0.09
"1085-01-01",0.14
"1086-01-01",0.21
"1087-01-01",0.23
"1088-01-01",0.18
"1089-01-01",0.16
"1090-01-01",0.23
"1091-01-01",0.28
"1092-01-01",0.21
"1093-01-01",0.1
"1094-01-01",0.08
"1095-01-01",0.06
"1096-01-01",0
"1097-01-01",-0.14
"1098-01-01",-0.24
"1099-01-01",-0.08
"1100-01-01",0.06
"1101-01-01",0.02
"1102-01-01",-0.1
"1103-01-01",-0.11
"1104-01-01",0.19
"1105-01-01",0.47
"1106-01-01",0.43
"1107-01-01",0.22
"1108-01-01",0.12
"1109-01-01",0.14
"1110-01-01",0.14
"1111-01-01",0.17
"1112-01-01",0.19
"1113-01-01",0.13
"1114-01-01",0.14
"1115-01-01",0.24
"1116-01-01",0.27
"1117-01-01",0.21
"1118-01-01",0.15
"1119-01-01",0.13
"1120-01-01",0.05
"1121-01-01",-0.04
"1122-01-01",-0.05
"1123-01-01",-0.08
"1124-01-01",-0.07
"1125-01-01",-0.09
"1126-01-01",-0.26
"1127-01-01",-0.31
"1128-01-01",-0.14
"1129-01-01",0
"1130-01-01",0.06
"1131-01-01",0.02
"1132-01-01",-0.18
"1133-01-01",-0.33
"1134-01-01",-0.24
"1135-01-01",-0.11
"1136-01-01",-0.05
"1137-01-01",0
"1138-01-01",-0.04
"1139-01-01",-0.14
"1140-01-01",-0.16
"1141-01-01",-0.11
"1142-01-01",-0.02
"1143-01-01",0.1
"1144-01-01",0.15
"1145-01-01",0.06
"1146-01-01",-0.04
"1147-01-01",-0.11
"1148-01-01",-0.12
"1149-01-01",-0.13
"1150-01-01",-0.27
"1151-01-01",-0.34
"1152-01-01",-0.2
"1153-01-01",-0.09
"1154-01-01",-0.05
"1155-01-01",-0.01
"1156-01-01",-0.04
"1157-01-01",-0.06
"1158-01-01",0.02
"1159-01-01",0.09
"1160-01-01",0.07
"1161-01-01",-0.05
"1162-01-01",-0.14
"1163-01-01",-0.12
"1164-01-01",-0.07
"1165-01-01",0
"1166-01-01",0.05
"1167-01-01",0.01
"1168-01-01",-0.03
"1169-01-01",-0.03
"1170-01-01",-0.14
"1171-01-01",-0.25
"1172-01-01",-0.19
"1173-01-01",-0.05
"1174-01-01",-0.02
"1175-01-01",-0.09
"1176-01-01",-0.09
"1177-01-01",0.01
"1178-01-01",0.1
"1179-01-01",0.03
"1180-01-01",-0.05
"1181-01-01",0.01
"1182-01-01",0.08
"1183-01-01",0.06
"1184-01-01",0.02
"1185-01-01",-0.05
"1186-01-01",-0.14
"1187-01-01",-0.14
"1188-01-01",-0.1
"1189-01-01",-0.08
"1190-01-01",-0.08
"1191-01-01",-0.1
"1192-01-01",-0.13
"1193-01-01",-0.18
"1194-01-01",-0.2
"1195-01-01",-0.21
"1196-01-01",-0.27
"1197-01-01",-0.24
"1198-01-01",-0.23
"1199-01-01",-0.28
"1200-01-01",-0.21
"1201-01-01",-0.09
"1202-01-01",-0.01
"1203-01-01",0.03
"1204-01-01",0.02
"1205-01-01",-0.11
"1206-01-01",-0.27
"1207-01-01",-0.35
"1208-01-01",-0.34
"1209-01-01",-0.23
"1210-01-01",-0.1
"1211-01-01",-0.02
"1212-01-01",0
"1213-01-01",-0.03
"1214-01-01",-0.11
"1215-01-01",-0.19
"1216-01-01",-0.29
"1217-01-01",-0.48
"1218-01-01",-0.47
"1219-01-01",-0.21
"1220-01-01",-0.07
"1221-01-01",-0.07
"1222-01-01",-0.02
"1223-01-01",0
"1224-01-01",-0.01
"1225-01-01",0
"1226-01-01",-0.07
"1227-01-01",-0.15
"1228-01-01",0.03
"1229-01-01",0.2
"1230-01-01",0.17
"1231-01-01",0.08
"1232-01-01",-0.06
"1233-01-01",-0.23
"1234-01-01",-0.3
"1235-01-01",-0.33
"1236-01-01",-0.36
"1237-01-01",-0.29
"1238-01-01",-0.17
"1239-01-01",-0.11
"1240-01-01",-0.06
"1241-01-01",-0.03
"1242-01-01",-0.09
"1243-01-01",-0.17
"1244-01-01",-0.17
"1245-01-01",-0.18
"1246-01-01",-0.24
"1247-01-01",-0.17
"1248-01-01",0.02
"1249-01-01",0.1
"1250-01-01",-0.01
"1251-01-01",-0.16
"1252-01-01",-0.24
"1253-01-01",-0.36
"1254-01-01",-0.48
"1255-01-01",-0.42
"1256-01-01",-0.3
"1257-01-01",-0.34
"1258-01-01",-0.43
"1259-01-01",-0.3
"1260-01-01",-0.11
"1261-01-01",-0.05
"1262-01-01",-0.1
"1263-01-01",-0.27
"1264-01-01",-0.46
"1265-01-01",-0.36
"1266-01-01",-0.1
"1267-01-01",0.01
"1268-01-01",-0.11
"1269-01-01",-0.28
"1270-01-01",-0.28
"1271-01-01",-0.19
"1272-01-01",-0.23
"1273-01-01",-0.34
"1274-01-01",-0.21
"1275-01-01",-0.1
"1276-01-01",-0.23
"1277-01-01",-0.34
"1278-01-01",-0.26
"1279-01-01",-0.12
"1280-01-01",-0.12
"1281-01-01",-0.24
"1282-01-01",-0.29
"1283-01-01",-0.32
"1284-01-01",-0.52
"1285-01-01",-0.66
"1286-01-01",-0.47
"1287-01-01",-0.33
"1288-01-01",-0.44
"1289-01-01",-0.45
"1290-01-01",-0.33
"1291-01-01",-0.36
"1292-01-01",-0.5
"1293-01-01",-0.51
"1294-01-01",-0.47
"1295-01-01",-0.5
"1296-01-01",-0.53
"1297-01-01",-0.48
"1298-01-01",-0.5
"1299-01-01",-0.54
"1300-01-01",-0.48
"1301-01-01",-0.37
"1302-01-01",-0.3
"1303-01-01",-0.32
"1304-01-01",-0.34
"1305-01-01",-0.33
"1306-01-01",-0.38
"1307-01-01",-0.41
"1308-01-01",-0.35
"1309-01-01",-0.29
"1310-01-01",-0.21
"1311-01-01",-0.16
"1312-01-01",-0.2
"1313-01-01",-0.18
"1314-01-01",-0.16
"1315-01-01",-0.29
"1316-01-01",-0.37
"1317-01-01",-0.39
"1318-01-01",-0.45
"1319-01-01",-0.42
"1320-01-01",-0.26
"1321-01-01",-0.18
"1322-01-01",-0.28
"1323-01-01",-0.37
"1324-01-01",-0.27
"1325-01-01",-0.13
"1326-01-01",-0.05
"1327-01-01",-0.08
"1328-01-01",-0.24
"1329-01-01",-0.28
"1330-01-01",-0.09
"1331-01-01",0.02
"1332-01-01",-0.01
"1333-01-01",-0.09
"1334-01-01",-0.23
"1335-01-01",-0.41
"1336-01-01",-0.47
"1337-01-01",-0.45
"1338-01-01",-0.5
"1339-01-01",-0.44
"1340-01-01",-0.3
"1341-01-01",-0.16
"1342-01-01",-0.07
"1343-01-01",-0.08
"1344-01-01",-0.16
"1345-01-01",-0.19
"1346-01-01",-0.19
"1347-01-01",-0.21
"1348-01-01",-0.22
"1349-01-01",-0.24
"1350-01-01",-0.33
"1351-01-01",-0.36
"1352-01-01",-0.19
"1353-01-01",-0.1
"1354-01-01",-0.13
"1355-01-01",-0.04
"1356-01-01",0.11
"1357-01-01",0.09
"1358-01-01",-0.04
"1359-01-01",-0.1
"1360-01-01",-0.18
"1361-01-01",-0.3
"1362-01-01",-0.31
"1363-01-01",-0.23
"1364-01-01",-0.26
"1365-01-01",-0.3
"1366-01-01",-0.18
"1367-01-01",-0.04
"1368-01-01",-0.05
"1369-01-01",-0.16
"1370-01-01",-0.24
"1371-01-01",-0.35
"1372-01-01",-0.37
"1373-01-01",-0.23
"1374-01-01",-0.13
"1375-01-01",-0.18
"1376-01-01",-0.32
"1377-01-01",-0.43
"1378-01-01",-0.44
"1379-01-01",-0.44
"1380-01-01",-0.38
"1381-01-01",-0.32
"1382-01-01",-0.31
"1383-01-01",-0.22
"1384-01-01",-0.09
"1385-01-01",-0.01
"1386-01-01",-0.05
"1387-01-01",-0.12
"1388-01-01",-0.13
"1389-01-01",-0.19
"1390-01-01",-0.27
"1391-01-01",-0.23
"1392-01-01",-0.19
"1393-01-01",-0.15
"1394-01-01",-0.1
"1395-01-01",-0.18
"1396-01-01",-0.32
"1397-01-01",-0.35
"1398-01-01",-0.34
"1399-01-01",-0.37
"1400-01-01",-0.39
"1401-01-01",-0.36
"1402-01-01",-0.29
"1403-01-01",-0.25
"1404-01-01",-0.16
"1405-01-01",-0.01
"1406-01-01",0.02
"1407-01-01",-0.12
"1408-01-01",-0.15
"1409-01-01",-0.1
"1410-01-01",-0.1
"1411-01-01",-0.09
"1412-01-01",-0.11
"1413-01-01",-0.24
"1414-01-01",-0.3
"1415-01-01",-0.23
"1416-01-01",-0.07
"1417-01-01",0.08
"1418-01-01",0.08
"1419-01-01",-0.01
"1420-01-01",-0.08
"1421-01-01",-0.12
"1422-01-01",-0.05
"1423-01-01",0.1
"1424-01-01",0.1
"1425-01-01",-0.05
"1426-01-01",-0.12
"1427-01-01",0
"1428-01-01",0.07
"1429-01-01",-0.02
"1430-01-01",-0.13
"1431-01-01",-0.2
"1432-01-01",-0.22
"1433-01-01",-0.28
"1434-01-01",-0.33
"1435-01-01",-0.21
"1436-01-01",-0.12
"1437-01-01",-0.21
"1438-01-01",-0.29
"1439-01-01",-0.22
"1440-01-01",-0.16
"1441-01-01",-0.23
"1442-01-01",-0.24
"1443-01-01",-0.11
"1444-01-01",-0.11
"1445-01-01",-0.25
"1446-01-01",-0.36
"1447-01-01",-0.45
"1448-01-01",-0.54
"1449-01-01",-0.61
"1450-01-01",-0.63
"1451-01-01",-0.56
"1452-01-01",-0.52
"1453-01-01",-0.49
"1454-01-01",-0.47
"1455-01-01",-0.58
"1456-01-01",-0.74
"1457-01-01",-0.71
"1458-01-01",-0.49
"1459-01-01",-0.38
"1460-01-01",-0.47
"1461-01-01",-0.56
"1462-01-01",-0.51
"1463-01-01",-0.49
"1464-01-01",-0.61
"1465-01-01",-0.61
"1466-01-01",-0.48
"1467-01-01",-0.46
"1468-01-01",-0.51
"1469-01-01",-0.38
"1470-01-01",-0.22
"1471-01-01",-0.24
"1472-01-01",-0.33
"1473-01-01",-0.42
"1474-01-01",-0.55
"1475-01-01",-0.6
"1476-01-01",-0.46
"1477-01-01",-0.31
"1478-01-01",-0.37
"1479-01-01",-0.5
"1480-01-01",-0.47
"1481-01-01",-0.42
"1482-01-01",-0.47
"1483-01-01",-0.35
"1484-01-01",-0.1
"1485-01-01",-0.01
"1486-01-01",-0.01
"1487-01-01",-0.02
"1488-01-01",-0.02
"1489-01-01",0.08
"1490-01-01",0.07
"1491-01-01",-0.21
"1492-01-01",-0.48
"1493-01-01",-0.38
"1494-01-01",-0.24
"1495-01-01",-0.37
"1496-01-01",-0.62
"1497-01-01",-0.68
"1498-01-01",-0.53
"1499-01-01",-0.5
"1500-01-01",-0.59
"1501-01-01",-0.49
"1502-01-01",-0.35
"1503-01-01",-0.36
"1504-01-01",-0.43
"1505-01-01",-0.48
"1506-01-01",-0.48
"1507-01-01",-0.44
"1508-01-01",-0.38
"1509-01-01",-0.28
"1510-01-01",-0.24
"1511-01-01",-0.32
"1512-01-01",-0.45
"1513-01-01",-0.5
"1514-01-01",-0.49
"1515-01-01",-0.47
"1516-01-01",-0.41
"1517-01-01",-0.37
"1518-01-01",-0.34
"1519-01-01",-0.27
"1520-01-01",-0.32
"1521-01-01",-0.58
"1522-01-01",-0.84
"1523-01-01",-0.87
"1524-01-01",-0.69
"1525-01-01",-0.54
"1526-01-01",-0.49
"1527-01-01",-0.57
"1528-01-01",-0.76
"1529-01-01",-0.84
"1530-01-01",-0.79
"1531-01-01",-0.73
"1532-01-01",-0.7
"1533-01-01",-0.69
"1534-01-01",-0.57
"1535-01-01",-0.4
"1536-01-01",-0.33
"1537-01-01",-0.36
"1538-01-01",-0.36
"1539-01-01",-0.31
"1540-01-01",-0.47
"1541-01-01",-0.84
"1542-01-01",-0.98
"1543-01-01",-0.88
"1544-01-01",-0.87
"1545-01-01",-0.88
"1546-01-01",-0.82
"1547-01-01",-0.76
"1548-01-01",-0.65
"1549-01-01",-0.47
"1550-01-01",-0.38
"1551-01-01",-0.39
"1552-01-01",-0.35
"1553-01-01",-0.29
"1554-01-01",-0.36
"1555-01-01",-0.41
"1556-01-01",-0.36
"1557-01-01",-0.41
"1558-01-01",-0.54
"1559-01-01",-0.55
"1560-01-01",-0.44
"1561-01-01",-0.34
"1562-01-01",-0.29
"1563-01-01",-0.28
"1564-01-01",-0.27
"1565-01-01",-0.35
"1566-01-01",-0.41
"1567-01-01",-0.35
"1568-01-01",-0.33
"1569-01-01",-0.42
"1570-01-01",-0.58
"1571-01-01",-0.7
"1572-01-01",-0.64
"1573-01-01",-0.56
"1574-01-01",-0.56
"1575-01-01",-0.66
"1576-01-01",-0.73
"1577-01-01",-0.74
"1578-01-01",-0.89
"1579-01-01",-1.16
"1580-01-01",-1.13
"1581-01-01",-0.76
"1582-01-01",-0.52
"1583-01-01",-0.53
"1584-01-01",-0.65
"1585-01-01",-0.74
"1586-01-01",-0.68
"1587-01-01",-0.57
"1588-01-01",-0.58
"1589-01-01",-0.73
"1590-01-01",-0.86
"1591-01-01",-0.84
"1592-01-01",-0.82
"1593-01-01",-0.7
"1594-01-01",-0.53
"1595-01-01",-0.52
"1596-01-01",-0.55
"1597-01-01",-0.51
"1598-01-01",-0.48
"1599-01-01",-0.61
"1600-01-01",-0.77
"1601-01-01",-0.68
"1602-01-01",-0.55
"1603-01-01",-0.54
"1604-01-01",-0.54
"1605-01-01",-0.53
"1606-01-01",-0.58
"1607-01-01",-0.66
"1608-01-01",-0.65
"1609-01-01",-0.53
"1610-01-01",-0.45
"1611-01-01",-0.47
"1612-01-01",-0.56
"1613-01-01",-0.61
"1614-01-01",-0.54
"1615-01-01",-0.38
"1616-01-01",-0.28
"1617-01-01",-0.32
"1618-01-01",-0.42
"1619-01-01",-0.42
"1620-01-01",-0.37
"1621-01-01",-0.42
"1622-01-01",-0.51
"1623-01-01",-0.53
"1624-01-01",-0.48
"1625-01-01",-0.44
"1626-01-01",-0.53
"1627-01-01",-0.51
"1628-01-01",-0.43
"1629-01-01",-0.44
"1630-01-01",-0.57
"1631-01-01",-0.75
"1632-01-01",-0.77
"1633-01-01",-0.58
"1634-01-01",-0.42
"1635-01-01",-0.36
"1636-01-01",-0.37
"1637-01-01",-0.45
"1638-01-01",-0.45
"1639-01-01",-0.33
"1640-01-01",-0.34
"1641-01-01",-0.61
"1642-01-01",-0.8
"1643-01-01",-0.74
"1644-01-01",-0.64
"1645-01-01",-0.62
"1646-01-01",-0.64
"1647-01-01",-0.58
"1648-01-01",-0.4
"1649-01-01",-0.29
"1650-01-01",-0.28
"1651-01-01",-0.36
"1652-01-01",-0.52
"1653-01-01",-0.62
"1654-01-01",-0.69
"1655-01-01",-0.71
"1656-01-01",-0.6
"1657-01-01",-0.47
"1658-01-01",-0.45
"1659-01-01",-0.45
"1660-01-01",-0.41
"1661-01-01",-0.39
"1662-01-01",-0.44
"1663-01-01",-0.48
"1664-01-01",-0.5
"1665-01-01",-0.5
"1666-01-01",-0.43
"1667-01-01",-0.51
"1668-01-01",-0.72
"1669-01-01",-0.75
"1670-01-01",-0.58
"1671-01-01",-0.39
"1672-01-01",-0.34
"1673-01-01",-0.41
"1674-01-01",-0.51
"1675-01-01",-0.61
"1676-01-01",-0.64
"1677-01-01",-0.6
"1678-01-01",-0.56
"1679-01-01",-0.55
"1680-01-01",-0.59
"1681-01-01",-0.58
"1682-01-01",-0.44
"1683-01-01",-0.44
"1684-01-01",-0.63
"1685-01-01",-0.76
"1686-01-01",-0.74
"1687-01-01",-0.59
"1688-01-01",-0.53
"1689-01-01",-0.66
"1690-01-01",-0.74
"1691-01-01",-0.63
"1692-01-01",-0.54
"1693-01-01",-0.52
"1694-01-01",-0.5
"1695-01-01",-0.52
"1696-01-01",-0.61
"1697-01-01",-0.69
"1698-01-01",-0.73
"1699-01-01",-0.7
"1700-01-01",-0.57
"1701-01-01",-0.48
"1702-01-01",-0.5
"1703-01-01",-0.58
"1704-01-01",-0.53
"1705-01-01",-0.4
"1706-01-01",-0.47
"1707-01-01",-0.72
"1708-01-01",-0.78
"1709-01-01",-0.62
"1710-01-01",-0.49
"1711-01-01",-0.46
"1712-01-01",-0.46
"1713-01-01",-0.47
"1714-01-01",-0.49
"1715-01-01",-0.52
"1716-01-01",-0.55
"1717-01-01",-0.53
"1718-01-01",-0.46
"1719-01-01",-0.34
"1720-01-01",-0.22
"1721-01-01",-0.29
"1722-01-01",-0.49
"1723-01-01",-0.53
"1724-01-01",-0.39
"1725-01-01",-0.23
"1726-01-01",-0.1
"1727-01-01",-0.09
"1728-01-01",-0.29
"1729-01-01",-0.54
"1730-01-01",-0.57
"1731-01-01",-0.51
"1732-01-01",-0.53
"1733-01-01",-0.58
"1734-01-01",-0.67
"1735-01-01",-0.74
"1736-01-01",-0.64
"1737-01-01",-0.6
"1738-01-01",-0.66
"1739-01-01",-0.68
"1740-01-01",-0.6
"1741-01-01",-0.51
"1742-01-01",-0.49
"1743-01-01",-0.44
"1744-01-01",-0.42
"1745-01-01",-0.37
"1746-01-01",-0.19
"1747-01-01",-0.12
"1748-01-01",-0.25
"1749-01-01",-0.32
"1750-01-01",-0.3
"1751-01-01",-0.39
"1752-01-01",-0.6
"1753-01-01",-0.69
"1754-01-01",-0.53
"1755-01-01",-0.36
"1756-01-01",-0.32
"1757-01-01",-0.31
"1758-01-01",-0.29
"1759-01-01",-0.27
"1760-01-01",-0.16
"1761-01-01",-0.1
"1762-01-01",-0.2
"1763-01-01",-0.32
"1764-01-01",-0.31
"1765-01-01",-0.24
"1766-01-01",-0.18
"1767-01-01",-0.16
"1768-01-01",-0.23
"1769-01-01",-0.3
"1770-01-01",-0.31
"1771-01-01",-0.31
"1772-01-01",-0.32
"1773-01-01",-0.31
"1774-01-01",-0.27
"1775-01-01",-0.22
"1776-01-01",-0.28
"1777-01-01",-0.36
"1778-01-01",-0.27
"1779-01-01",-0.2
"1780-01-01",-0.31
"1781-01-01",-0.54
"1782-01-01",-0.71
"1783-01-01",-0.6
"1784-01-01",-0.39
"1785-01-01",-0.33
"1786-01-01",-0.37
"1787-01-01",-0.39
"1788-01-01",-0.39
"1789-01-01",-0.36
"1790-01-01",-0.3
"1791-01-01",-0.24
"1792-01-01",-0.22
"1793-01-01",-0.27
"1794-01-01",-0.4
"1795-01-01",-0.5
"1796-01-01",-0.36
"1797-01-01",-0.26
"1798-01-01",-0.28
"1799-01-01",-0.26
"1800-01-01",-0.28
"1801-01-01",-0.32
"1802-01-01",-0.21
"1803-01-01",-0.17
"1804-01-01",-0.25
"1805-01-01",-0.3
"1806-01-01",-0.32
"1807-01-01",-0.32
"1808-01-01",-0.28
"1809-01-01",-0.23
"1810-01-01",-0.26
"1811-01-01",-0.44
"1812-01-01",-0.74
"1813-01-01",-0.88
"1814-01-01",-0.76
"1815-01-01",-0.64
"1816-01-01",-0.57
"1817-01-01",-0.47
"1818-01-01",-0.47
"1819-01-01",-0.53
"1820-01-01",-0.49
"1821-01-01",-0.43
"1822-01-01",-0.5
"1823-01-01",-0.6
"1824-01-01",-0.6
"1825-01-01",-0.47
"1826-01-01",-0.3
"1827-01-01",-0.19
"1828-01-01",-0.2
"1829-01-01",-0.27
"1830-01-01",-0.28
"1831-01-01",-0.32
"1832-01-01",-0.37
"1833-01-01",-0.38
"1834-01-01",-0.48
"1835-01-01",-0.63
"1836-01-01",-0.68
"1837-01-01",-0.57
"1838-01-01",-0.4
"1839-01-01",-0.32
"1840-01-01",-0.35
"1841-01-01",-0.46
"1842-01-01",-0.52
"1843-01-01",-0.5
"1844-01-01",-0.53
"1845-01-01",-0.5
"1846-01-01",-0.39
"1847-01-01",-0.32
"1848-01-01",-0.27
"1849-01-01",-0.25
"1850-01-01",-0.31
"1851-01-01",-0.31
"1852-01-01",-0.25
"1853-01-01",-0.16
"1854-01-01",-0.06
"1855-01-01",-0.16
"1856-01-01",-0.44
"1857-01-01",-0.48
"1858-01-01",-0.33
"1859-01-01",-0.2
"1860-01-01",-0.11
"1861-01-01",-0.11
"1862-01-01",-0.18
"1863-01-01",-0.26
"1864-01-01",-0.31
"1865-01-01",-0.34
"1866-01-01",-0.26
"1867-01-01",-0.12
"1868-01-01",-0.01
"1869-01-01",-0.01
"1870-01-01",-0.06
"1871-01-01",-0.05
"1872-01-01",-0.07
"1873-01-01",-0.15
"1874-01-01",-0.14
"1875-01-01",-0.12
"1876-01-01",-0.16
"1877-01-01",-0.18
"1878-01-01",-0.18
"1879-01-01",-0.25
"1880-01-01",-0.18
"1880-02-01",-0.24
"1880-03-01",-0.09
"1880-04-01",-0.16
"1880-05-01",-0.1
"1880-06-01",-0.21
"1880-07-01",-0.18
"1880-08-01",-0.1
"1880-09-01",-0.15
"1880-10-01",-0.24
"1880-11-01",-0.22
"1880-12-01",-0.18
"1881-01-01",-0.2
"1881-02-01",-0.14
"1881-03-01",0.03
"1881-04-01",0.05
"1881-05-01",0.06
"1881-06-01",-0.18
"1881-07-01",0
"1881-08-01",-0.03
"1881-09-01",-0.15
"1881-10-01",-0.22
"1881-11-01",-0.18
"1881-12-01",-0.07
"1882-01-01",0.17
"1882-02-01",0.14
"1882-03-01",0.05
"1882-04-01",-0.16
"1882-05-01",-0.14
"1882-06-01",-0.22
"1882-07-01",-0.16
"1882-08-01",-0.07
"1882-09-01",-0.14
"1882-10-01",-0.24
"1882-11-01",-0.16
"1882-12-01",-0.36
"1883-01-01",-0.29
"1883-02-01",-0.36
"1883-03-01",-0.12
"1883-04-01",-0.18
"1883-05-01",-0.18
"1883-06-01",-0.07
"1883-07-01",-0.07
"1883-08-01",-0.14
"1883-09-01",-0.22
"1883-10-01",-0.11
"1883-11-01",-0.24
"1883-12-01",-0.11
"1884-01-01",-0.13
"1884-02-01",-0.08
"1884-03-01",-0.37
"1884-04-01",-0.4
"1884-05-01",-0.34
"1884-06-01",-0.35
"1884-07-01",-0.33
"1884-08-01",-0.27
"1884-09-01",-0.27
"1884-10-01",-0.25
"1884-11-01",-0.33
"1884-12-01",-0.31
"1885-01-01",-0.58
"1885-02-01",-0.33
"1885-03-01",-0.26
"1885-04-01",-0.42
"1885-05-01",-0.45
"1885-06-01",-0.43
"1885-07-01",-0.33
"1885-08-01",-0.3
"1885-09-01",-0.28
"1885-10-01",-0.23
"1885-11-01",-0.23
"1885-12-01",-0.09
"1886-01-01",-0.43
"1886-02-01",-0.5
"1886-03-01",-0.43
"1886-04-01",-0.27
"1886-05-01",-0.24
"1886-06-01",-0.34
"1886-07-01",-0.17
"1886-08-01",-0.3
"1886-09-01",-0.24
"1886-10-01",-0.27
"1886-11-01",-0.27
"1886-12-01",-0.25
"1887-01-01",-0.71
"1887-02-01",-0.56
"1887-03-01",-0.35
"1887-04-01",-0.34
"1887-05-01",-0.3
"1887-06-01",-0.24
"1887-07-01",-0.25
"1887-08-01",-0.34
"1887-09-01",-0.25
"1887-10-01",-0.35
"1887-11-01",-0.26
"1887-12-01",-0.33
"1888-01-01",-0.33
"1888-02-01",-0.35
"1888-03-01",-0.41
"1888-04-01",-0.2
"1888-05-01",-0.22
"1888-06-01",-0.17
"1888-07-01",-0.1
"1888-08-01",-0.15
"1888-09-01",-0.12
"1888-10-01",0.02
"1888-11-01",0.04
"1888-12-01",-0.04
"1889-01-01",-0.08
"1889-02-01",0.18
"1889-03-01",0.06
"1889-04-01",0.1
"1889-05-01",-0.01
"1889-06-01",-0.1
"1889-07-01",-0.07
"1889-08-01",-0.2
"1889-09-01",-0.24
"1889-10-01",-0.26
"1889-11-01",-0.33
"1889-12-01",-0.29
"1890-01-01",-0.42
"1890-02-01",-0.45
"1890-03-01",-0.4
"1890-04-01",-0.3
"1890-05-01",-0.4
"1890-06-01",-0.25
"1890-07-01",-0.28
"1890-08-01",-0.39
"1890-09-01",-0.37
"1890-10-01",-0.25
"1890-11-01",-0.44
"1890-12-01",-0.31
"1891-01-01",-0.33
"1891-02-01",-0.47
"1891-03-01",-0.18
"1891-04-01",-0.27
"1891-05-01",-0.16
"1891-06-01",-0.2
"1891-07-01",-0.17
"1891-08-01",-0.17
"1891-09-01",-0.15
"1891-10-01",-0.22
"1891-11-01",-0.31
"1891-12-01",-0.04
"1892-01-01",-0.28
"1892-02-01",-0.1
"1892-03-01",-0.4
"1892-04-01",-0.33
"1892-05-01",-0.23
"1892-06-01",-0.22
"1892-07-01",-0.31
"1892-08-01",-0.27
"1892-09-01",-0.16
"1892-10-01",-0.14
"1892-11-01",-0.41
"1892-12-01",-0.38
"1893-01-01",-0.8
"1893-02-01",-0.56
"1893-03-01",-0.22
"1893-04-01",-0.27
"1893-05-01",-0.34
"1893-06-01",-0.25
"1893-07-01",-0.14
"1893-08-01",-0.25
"1893-09-01",-0.23
"1893-10-01",-0.19
"1893-11-01",-0.19
"1893-12-01",-0.32
"1894-01-01",-0.52
"1894-02-01",-0.28
"1894-03-01",-0.22
"1894-04-01",-0.44
"1894-05-01",-0.3
"1894-06-01",-0.4
"1894-07-01",-0.24
"1894-08-01",-0.23
"1894-09-01",-0.28
"1894-10-01",-0.22
"1894-11-01",-0.25
"1894-12-01",-0.21
"1895-01-01",-0.4
"1895-02-01",-0.42
"1895-03-01",-0.32
"1895-04-01",-0.21
"1895-05-01",-0.27
"1895-06-01",-0.21
"1895-07-01",-0.16
"1895-08-01",-0.16
"1895-09-01",-0.12
"1895-10-01",-0.1
"1895-11-01",-0.16
"1895-12-01",-0.13
"1896-01-01",-0.21
"1896-02-01",-0.12
"1896-03-01",-0.26
"1896-04-01",-0.3
"1896-05-01",-0.16
"1896-06-01",-0.11
"1896-07-01",-0.02
"1896-08-01",-0.05
"1896-09-01",-0.07
"1896-10-01",0.06
"1896-11-01",-0.04
"1896-12-01",-0.04
"1897-01-01",-0.15
"1897-02-01",-0.17
"1897-03-01",-0.13
"1897-04-01",-0.02
"1897-05-01",-0.02
"1897-06-01",-0.11
"1897-07-01",-0.02
"1897-08-01",-0.09
"1897-09-01",-0.09
"1897-10-01",-0.12
"1897-11-01",-0.19
"1897-12-01",-0.2
"1898-01-01",-0.01
"1898-02-01",-0.29
"1898-03-01",-0.5
"1898-04-01",-0.29
"1898-05-01",-0.3
"1898-06-01",-0.18
"1898-07-01",-0.22
"1898-08-01",-0.26
"1898-09-01",-0.21
"1898-10-01",-0.35
"1898-11-01",-0.37
"1898-12-01",-0.23
"1899-01-01",-0.16
"1899-02-01",-0.38
"1899-03-01",-0.36
"1899-04-01",-0.21
"1899-05-01",-0.24
"1899-06-01",-0.32
"1899-07-01",-0.16
"1899-08-01",-0.08
"1899-09-01",-0.05
"1899-10-01",-0.04
"1899-11-01",0.12
"1899-12-01",-0.26
"1900-01-01",-0.35
"1900-02-01",-0.05
"1900-03-01",0.01
"1900-04-01",-0.09
"1900-05-01",-0.08
"1900-06-01",-0.1
"1900-07-01",-0.13
"1900-08-01",-0.09
"1900-09-01",-0.05
"1900-10-01",0.1
"1900-11-01",-0.07
"1900-12-01",-0.06
"1901-01-01",-0.23
"1901-02-01",-0.11
"1901-03-01",0.06
"1901-04-01",-0.02
"1901-05-01",-0.16
"1901-06-01",-0.12
"1901-07-01",-0.15
"1901-08-01",-0.2
"1901-09-01",-0.22
"1901-10-01",-0.3
"1901-11-01",-0.18
"1901-12-01",-0.28
"1902-01-01",-0.19
"1902-02-01",-0.07
"1902-03-01",-0.28
"1902-04-01",-0.28
"1902-05-01",-0.32
"1902-06-01",-0.31
"1902-07-01",-0.29
"1902-08-01",-0.3
"1902-09-01",-0.3
"1902-10-01",-0.3
"1902-11-01",-0.36
"1902-12-01",-0.42
"1903-01-01",-0.24
"1903-02-01",-0.06
"1903-03-01",-0.23
"1903-04-01",-0.41
"1903-05-01",-0.4
"1903-06-01",-0.42
"1903-07-01",-0.36
"1903-08-01",-0.45
"1903-09-01",-0.5
"1903-10-01",-0.49
"1903-11-01",-0.43
"1903-12-01",-0.51
"1904-01-01",-0.64
"1904-02-01",-0.58
"1904-03-01",-0.49
"1904-04-01",-0.5
"1904-05-01",-0.52
"1904-06-01",-0.49
"1904-07-01",-0.52
"1904-08-01",-0.49
"1904-09-01",-0.56
"1904-10-01",-0.4
"1904-11-01",-0.18
"1904-12-01",-0.34
"1905-01-01",-0.35
"1905-02-01",-0.6
"1905-03-01",-0.22
"1905-04-01",-0.33
"1905-05-01",-0.3
"1905-06-01",-0.28
"1905-07-01",-0.27
"1905-08-01",-0.21
"1905-09-01",-0.2
"1905-10-01",-0.25
"1905-11-01",-0.07
"1905-12-01",-0.14
"1906-01-01",-0.28
"1906-02-01",-0.31
"1906-03-01",-0.19
"1906-04-01",-0.05
"1906-05-01",-0.26
"1906-06-01",-0.2
"1906-07-01",-0.24
"1906-08-01",-0.2
"1906-09-01",-0.29
"1906-10-01",-0.21
"1906-11-01",-0.38
"1906-12-01",-0.15
"1907-01-01",-0.43
"1907-02-01",-0.52
"1907-03-01",-0.28
"1907-04-01",-0.38
"1907-05-01",-0.47
"1907-06-01",-0.42
"1907-07-01",-0.35
"1907-08-01",-0.34
"1907-09-01",-0.35
"1907-10-01",-0.24
"1907-11-01",-0.48
"1907-12-01",-0.48
"1908-01-01",-0.45
"1908-02-01",-0.33
"1908-03-01",-0.56
"1908-04-01",-0.45
"1908-05-01",-0.38
"1908-06-01",-0.38
"1908-07-01",-0.36
"1908-08-01",-0.46
"1908-09-01",-0.36
"1908-10-01",-0.45
"1908-11-01",-0.52
"1908-12-01",-0.5
"1909-01-01",-0.73
"1909-02-01",-0.47
"1909-03-01",-0.55
"1909-04-01",-0.59
"1909-05-01",-0.55
"1909-06-01",-0.52
"1909-07-01",-0.46
"1909-08-01",-0.34
"1909-09-01",-0.39
"1909-10-01",-0.4
"1909-11-01",-0.32
"1909-12-01",-0.57
"1910-01-01",-0.43
"1910-02-01",-0.43
"1910-03-01",-0.51
"1910-04-01",-0.43
"1910-05-01",-0.35
"1910-06-01",-0.39
"1910-07-01",-0.35
"1910-08-01",-0.37
"1910-09-01",-0.39
"1910-10-01",-0.42
"1910-11-01",-0.56
"1910-12-01",-0.68
"1911-01-01",-0.63
"1911-02-01",-0.58
"1911-03-01",-0.62
"1911-04-01",-0.54
"1911-05-01",-0.52
"1911-06-01",-0.5
"1911-07-01",-0.42
"1911-08-01",-0.44
"1911-09-01",-0.41
"1911-10-01",-0.27
"1911-11-01",-0.21
"1911-12-01",-0.22
"1912-01-01",-0.26
"1912-02-01",-0.14
"1912-03-01",-0.38
"1912-04-01",-0.18
"1912-05-01",-0.22
"1912-06-01",-0.24
"1912-07-01",-0.43
"1912-08-01",-0.55
"1912-09-01",-0.58
"1912-10-01",-0.59
"1912-11-01",-0.39
"1912-12-01",-0.44
"1913-01-01",-0.4
"1913-02-01",-0.46
"1913-03-01",-0.43
"1913-04-01",-0.4
"1913-05-01",-0.45
"1913-06-01",-0.46
"1913-07-01",-0.37
"1913-08-01",-0.33
"1913-09-01",-0.36
"1913-10-01",-0.33
"1913-11-01",-0.21
"1913-12-01",-0.03
"1914-01-01",0.04
"1914-02-01",-0.1
"1914-03-01",-0.25
"1914-04-01",-0.3
"1914-05-01",-0.22
"1914-06-01",-0.26
"1914-07-01",-0.24
"1914-08-01",-0.17
"1914-09-01",-0.18
"1914-10-01",-0.04
"1914-11-01",-0.16
"1914-12-01",-0.05
"1915-01-01",-0.21
"1915-02-01",-0.04
"1915-03-01",-0.1
"1915-04-01",0.05
"1915-05-01",-0.06
"1915-06-01",-0.22
"1915-07-01",-0.13
"1915-08-01",-0.22
"1915-09-01",-0.21
"1915-10-01",-0.25
"1915-11-01",-0.13
"1915-12-01",-0.22
"1916-01-01",-0.13
"1916-02-01",-0.15
"1916-03-01",-0.28
"1916-04-01",-0.31
"1916-05-01",-0.35
"1916-06-01",-0.5
"1916-07-01",-0.37
"1916-08-01",-0.28
"1916-09-01",-0.37
"1916-10-01",-0.33
"1916-11-01",-0.47
"1916-12-01",-0.82
"1917-01-01",-0.57
"1917-02-01",-0.63
"1917-03-01",-0.65
"1917-04-01",-0.56
"1917-05-01",-0.56
"1917-06-01",-0.44
"1917-07-01",-0.26
"1917-08-01",-0.23
"1917-09-01",-0.24
"1917-10-01",-0.45
"1917-11-01",-0.34
"1917-12-01",-0.68
"1918-01-01",-0.48
"1918-02-01",-0.35
"1918-03-01",-0.26
"1918-04-01",-0.45
"1918-05-01",-0.44
"1918-06-01",-0.37
"1918-07-01",-0.32
"1918-08-01",-0.32
"1918-09-01",-0.19
"1918-10-01",-0.07
"1918-11-01",-0.12
"1918-12-01",-0.3
"1919-01-01",-0.21
"1919-02-01",-0.25
"1919-03-01",-0.22
"1919-04-01",-0.13
"1919-05-01",-0.29
"1919-06-01",-0.37
"1919-07-01",-0.3
"1919-08-01",-0.34
"1919-09-01",-0.26
"1919-10-01",-0.21
"1919-11-01",-0.42
"1919-12-01",-0.43
"1920-01-01",-0.25
"1920-02-01",-0.27
"1920-03-01",-0.13
"1920-04-01",-0.25
"1920-05-01",-0.28
"1920-06-01",-0.36
"1920-07-01",-0.31
"1920-08-01",-0.28
"1920-09-01",-0.23
"1920-10-01",-0.28
"1920-11-01",-0.28
"1920-12-01",-0.47
"1921-01-01",-0.05
"1921-02-01",-0.18
"1921-03-01",-0.24
"1921-04-01",-0.31
"1921-05-01",-0.31
"1921-06-01",-0.28
"1921-07-01",-0.15
"1921-08-01",-0.26
"1921-09-01",-0.2
"1921-10-01",-0.04
"1921-11-01",-0.14
"1921-12-01",-0.18
"1922-01-01",-0.33
"1922-02-01",-0.45
"1922-03-01",-0.15
"1922-04-01",-0.23
"1922-05-01",-0.34
"1922-06-01",-0.31
"1922-07-01",-0.28
"1922-08-01",-0.33
"1922-09-01",-0.37
"1922-10-01",-0.33
"1922-11-01",-0.15
"1922-12-01",-0.19
"1923-01-01",-0.29
"1923-02-01",-0.4
"1923-03-01",-0.34
"1923-04-01",-0.42
"1923-05-01",-0.34
"1923-06-01",-0.3
"1923-07-01",-0.31
"1923-08-01",-0.33
"1923-09-01",-0.32
"1923-10-01",-0.14
"1923-11-01",-0.03
"1923-12-01",-0.05
"1924-01-01",-0.24
"1924-02-01",-0.24
"1924-03-01",-0.09
"1924-04-01",-0.32
"1924-05-01",-0.19
"1924-06-01",-0.27
"1924-07-01",-0.3
"1924-08-01",-0.36
"1924-09-01",-0.33
"1924-10-01",-0.36
"1924-11-01",-0.22
"1924-12-01",-0.43
"1925-01-01",-0.39
"1925-02-01",-0.41
"1925-03-01",-0.28
"1925-04-01",-0.26
"1925-05-01",-0.3
"1925-06-01",-0.33
"1925-07-01",-0.27
"1925-08-01",-0.2
"1925-09-01",-0.2
"1925-10-01",-0.18
"1925-11-01",0.04
"1925-12-01",0.06
"1926-01-01",0.2
"1926-02-01",0.02
"1926-03-01",0.1
"1926-04-01",-0.13
"1926-05-01",-0.24
"1926-06-01",-0.26
"1926-07-01",-0.28
"1926-08-01",-0.14
"1926-09-01",-0.16
"1926-10-01",-0.12
"1926-11-01",-0.07
"1926-12-01",-0.3
"1927-01-01",-0.28
"1927-02-01",-0.19
"1927-03-01",-0.39
"1927-04-01",-0.31
"1927-05-01",-0.26
"1927-06-01",-0.28
"1927-07-01",-0.2
"1927-08-01",-0.24
"1927-09-01",-0.13
"1927-10-01",-0.02
"1927-11-01",-0.06
"1927-12-01",-0.34
"1928-01-01",-0.03
"1928-02-01",-0.09
"1928-03-01",-0.26
"1928-04-01",-0.29
"1928-05-01",-0.3
"1928-06-01",-0.39
"1928-07-01",-0.2
"1928-08-01",-0.23
"1928-09-01",-0.22
"1928-10-01",-0.2
"1928-11-01",-0.09
"1928-12-01",-0.17
"1929-01-01",-0.46
"1929-02-01",-0.59
"1929-03-01",-0.34
"1929-04-01",-0.42
"1929-05-01",-0.39
"1929-06-01",-0.44
"1929-07-01",-0.37
"1929-08-01",-0.32
"1929-09-01",-0.26
"1929-10-01",-0.15
"1929-11-01",-0.12
"1929-12-01",-0.55
"1930-01-01",-0.3
"1930-02-01",-0.27
"1930-03-01",-0.12
"1930-04-01",-0.26
"1930-05-01",-0.25
"1930-06-01",-0.22
"1930-07-01",-0.22
"1930-08-01",-0.16
"1930-09-01",-0.16
"1930-10-01",-0.12
"1930-11-01",0.17
"1930-12-01",-0.06
"1931-01-01",-0.1
"1931-02-01",-0.21
"1931-03-01",-0.11
"1931-04-01",-0.23
"1931-05-01",-0.2
"1931-06-01",-0.08
"1931-07-01",-0.04
"1931-08-01",-0.04
"1931-09-01",-0.07
"1931-10-01",0.04
"1931-11-01",-0.06
"1931-12-01",-0.06
"1932-01-01",0.14
"1932-02-01",-0.18
"1932-03-01",-0.18
"1932-04-01",-0.06
"1932-05-01",-0.18
"1932-06-01",-0.29
"1932-07-01",-0.25
"1932-08-01",-0.22
"1932-09-01",-0.11
"1932-10-01",-0.09
"1932-11-01",-0.28
"1932-12-01",-0.26
"1933-01-01",-0.24
"1933-02-01",-0.3
"1933-03-01",-0.3
"1933-04-01",-0.25
"1933-05-01",-0.3
"1933-06-01",-0.35
"1933-07-01",-0.21
"1933-08-01",-0.24
"1933-09-01",-0.3
"1933-10-01",-0.26
"1933-11-01",-0.31
"1933-12-01",-0.45
"1934-01-01",-0.22
"1934-02-01",-0.03
"1934-03-01",-0.3
"1934-04-01",-0.31
"1934-05-01",-0.1
"1934-06-01",-0.16
"1934-07-01",-0.11
"1934-08-01",-0.13
"1934-09-01",-0.16
"1934-10-01",-0.07
"1934-11-01",0.03
"1934-12-01",-0.03
"1935-01-01",-0.34
"1935-02-01",0.14
"1935-03-01",-0.15
"1935-04-01",-0.37
"1935-05-01",-0.3
"1935-06-01",-0.27
"1935-07-01",-0.22
"1935-08-01",-0.22
"1935-09-01",-0.22
"1935-10-01",-0.06
"1935-11-01",-0.27
"1935-12-01",-0.18
"1936-01-01",-0.28
"1936-02-01",-0.39
"1936-03-01",-0.22
"1936-04-01",-0.2
"1936-05-01",-0.17
"1936-06-01",-0.22
"1936-07-01",-0.1
"1936-08-01",-0.13
"1936-09-01",-0.1
"1936-10-01",-0.04
"1936-11-01",0.01
"1936-12-01",-0.02
"1937-01-01",-0.08
"1937-02-01",0.02
"1937-03-01",-0.21
"1937-04-01",-0.16
"1937-05-01",-0.06
"1937-06-01",-0.05
"1937-07-01",-0.04
"1937-08-01",0.01
"1937-09-01",0.08
"1937-10-01",0.08
"1937-11-01",0.08
"1937-12-01",-0.07
"1938-01-01",0.08
"1938-02-01",0.03
"1938-03-01",0.09
"1938-04-01",0.05
"1938-05-01",-0.1
"1938-06-01",-0.18
"1938-07-01",-0.1
"1938-08-01",-0.06
"1938-09-01",0
"1938-10-01",0.14
"1938-11-01",0.07
"1938-12-01",-0.13
"1939-01-01",-0.06
"1939-02-01",-0.07
"1939-03-01",-0.18
"1939-04-01",-0.1
"1939-05-01",-0.05
"1939-06-01",-0.07
"1939-07-01",-0.06
"1939-08-01",-0.06
"1939-09-01",-0.08
"1939-10-01",-0.04
"1939-11-01",0.06
"1939-12-01",0.43
"1940-01-01",-0.01
"1940-02-01",0.08
"1940-03-01",0.09
"1940-04-01",0.17
"1940-05-01",0.1
"1940-06-01",0.11
"1940-07-01",0.12
"1940-08-01",0.07
"1940-09-01",0.15
"1940-10-01",0.11
"1940-11-01",0.16
"1940-12-01",0.31
"1941-01-01",0.18
"1941-02-01",0.31
"1941-03-01",0.09
"1941-04-01",0.16
"1941-05-01",0.16
"1941-06-01",0.12
"1941-07-01",0.21
"1941-08-01",0.15
"1941-09-01",0.02
"1941-10-01",0.34
"1941-11-01",0.22
"1941-12-01",0.21
"1942-01-01",0.29
"1942-02-01",0.02
"1942-03-01",0.05
"1942-04-01",0.09
"1942-05-01",0.1
"1942-06-01",0.04
"1942-07-01",0
"1942-08-01",-0.04
"1942-09-01",-0.04
"1942-10-01",0.01
"1942-11-01",0.09
"1942-12-01",0.12
"1943-01-01",-0.01
"1943-02-01",0.17
"1943-03-01",-0.04
"1943-04-01",0.1
"1943-05-01",0.06
"1943-06-01",-0.06
"1943-07-01",0.08
"1943-08-01",0.01
"1943-09-01",0.05
"1943-10-01",0.22
"1943-11-01",0.19
"1943-12-01",0.23
"1944-01-01",0.36
"1944-02-01",0.24
"1944-03-01",0.26
"1944-04-01",0.19
"1944-05-01",0.18
"1944-06-01",0.15
"1944-07-01",0.17
"1944-08-01",0.18
"1944-09-01",0.27
"1944-10-01",0.26
"1944-11-01",0.1
"1944-12-01",0.03
"1945-01-01",0.09
"1945-02-01",0
"1945-03-01",0.05
"1945-04-01",0.19
"1945-05-01",0.05
"1945-06-01",0
"1945-07-01",0.03
"1945-08-01",0.26
"1945-09-01",0.2
"1945-10-01",0.18
"1945-11-01",0.06
"1945-12-01",-0.07
"1946-01-01",0.15
"1946-02-01",0.02
"1946-03-01",0.01
"1946-04-01",0.05
"1946-05-01",-0.08
"1946-06-01",-0.22
"1946-07-01",-0.13
"1946-08-01",-0.21
"1946-09-01",-0.09
"1946-10-01",-0.08
"1946-11-01",-0.06
"1946-12-01",-0.31
"1947-01-01",-0.07
"1947-02-01",-0.08
"1947-03-01",0.06
"1947-04-01",0.06
"1947-05-01",-0.02
"1947-06-01",-0.02
"1947-07-01",-0.05
"1947-08-01",-0.07
"1947-09-01",-0.13
"1947-10-01",0.07
"1947-11-01",0.02
"1947-12-01",-0.14
"1948-01-01",0.06
"1948-02-01",-0.15
"1948-03-01",-0.25
"1948-04-01",-0.12
"1948-05-01",-0.01
"1948-06-01",-0.05
"1948-07-01",-0.12
"1948-08-01",-0.12
"1948-09-01",-0.15
"1948-10-01",-0.06
"1948-11-01",-0.13
"1948-12-01",-0.24
"1949-01-01",0.06
"1949-02-01",-0.15
"1949-03-01",-0.03
"1949-04-01",-0.11
"1949-05-01",-0.11
"1949-06-01",-0.28
"1949-07-01",-0.13
"1949-08-01",-0.13
"1949-09-01",-0.15
"1949-10-01",-0.07
"1949-11-01",-0.11
"1949-12-01",-0.18
"1950-01-01",-0.26
"1950-02-01",-0.27
"1950-03-01",-0.08
"1950-04-01",-0.21
"1950-05-01",-0.12
"1950-06-01",-0.05
"1950-07-01",-0.09
"1950-08-01",-0.16
"1950-09-01",-0.12
"1950-10-01",-0.21
"1950-11-01",-0.34
"1950-12-01",-0.22
"1951-01-01",-0.34
"1951-02-01",-0.42
"1951-03-01",-0.21
"1951-04-01",-0.14
"1951-05-01",-0.01
"1951-06-01",-0.07
"1951-07-01",-0.01
"1951-08-01",0.06
"1951-09-01",0.05
"1951-10-01",0.07
"1951-11-01",-0.01
"1951-12-01",0.15
"1952-01-01",0.11
"1952-02-01",0.11
"1952-03-01",-0.08
"1952-04-01",0.03
"1952-05-01",-0.03
"1952-06-01",-0.03
"1952-07-01",0.04
"1952-08-01",0.05
"1952-09-01",0.06
"1952-10-01",-0.01
"1952-11-01",-0.13
"1952-12-01",-0.02
"1953-01-01",0.07
"1953-02-01",0.14
"1953-03-01",0.1
"1953-04-01",0.19
"1953-05-01",0.11
"1953-06-01",0.11
"1953-07-01",0
"1953-08-01",0.05
"1953-09-01",0.04
"1953-10-01",0.07
"1953-11-01",-0.03
"1953-12-01",0.04
"1954-01-01",-0.24
"1954-02-01",-0.1
"1954-03-01",-0.15
"1954-04-01",-0.14
"1954-05-01",-0.2
"1954-06-01",-0.19
"1954-07-01",-0.19
"1954-08-01",-0.18
"1954-09-01",-0.1
"1954-10-01",-0.02
"1954-11-01",0.08
"1954-12-01",-0.18
"1955-01-01",0.13
"1955-02-01",-0.16
"1955-03-01",-0.32
"1955-04-01",-0.22
"1955-05-01",-0.2
"1955-06-01",-0.14
"1955-07-01",-0.12
"1955-08-01",0.02
"1955-09-01",-0.11
"1955-10-01",-0.06
"1955-11-01",-0.25
"1955-12-01",-0.28
"1956-01-01",-0.13
"1956-02-01",-0.24
"1956-03-01",-0.21
"1956-04-01",-0.28
"1956-05-01",-0.29
"1956-06-01",-0.16
"1956-07-01",-0.09
"1956-08-01",-0.26
"1956-09-01",-0.19
"1956-10-01",-0.23
"1956-11-01",-0.15
"1956-12-01",-0.06
"1957-01-01",-0.09
"1957-02-01",-0.03
"1957-03-01",-0.04
"1957-04-01",0.01
"1957-05-01",0.09
"1957-06-01",0.16
"1957-07-01",0.03
"1957-08-01",0.13
"1957-09-01",0.07
"1957-10-01",0
"1957-11-01",0.07
"1957-12-01",0.14
"1958-01-01",0.39
"1958-02-01",0.21
"1958-03-01",0.09
"1958-04-01",0.01
"1958-05-01",0.05
"1958-06-01",-0.07
"1958-07-01",0.06
"1958-08-01",-0.03
"1958-09-01",-0.02
"1958-10-01",0.04
"1958-11-01",0.02
"1958-12-01",0.01
"1959-01-01",0.08
"1959-02-01",0.07
"1959-03-01",0.17
"1959-04-01",0.14
"1959-05-01",0.05
"1959-06-01",0.03
"1959-07-01",0.03
"1959-08-01",0
"1959-09-01",-0.06
"1959-10-01",-0.06
"1959-11-01",-0.08
"1959-12-01",-0.01
"1960-01-01",0
"1960-02-01",0.14
"1960-03-01",-0.34
"1960-04-01",-0.15
"1960-05-01",-0.08
"1960-06-01",-0.05
"1960-07-01",-0.04
"1960-08-01",0.03
"1960-09-01",0.06
"1960-10-01",0.05
"1960-11-01",-0.11
"1960-12-01",0.19
"1961-01-01",0.07
"1961-02-01",0.19
"1961-03-01",0.1
"1961-04-01",0.12
"1961-05-01",0.13
"1961-06-01",0.11
"1961-07-01",0.01
"1961-08-01",0.01
"1961-09-01",0.08
"1961-10-01",0.02
"1961-11-01",0.03
"1961-12-01",-0.16
"1962-01-01",0.06
"1962-02-01",0.16
"1962-03-01",0.11
"1962-04-01",0.06
"1962-05-01",-0.07
"1962-06-01",0.05
"1962-07-01",0.02
"1962-08-01",-0.02
"1962-09-01",0.02
"1962-10-01",0.02
"1962-11-01",0.06
"1962-12-01",-0.03
"1963-01-01",-0.03
"1963-02-01",0.19
"1963-03-01",-0.13
"1963-04-01",-0.07
"1963-05-01",-0.06
"1963-06-01",0.03
"1963-07-01",0.07
"1963-08-01",0.22
"1963-09-01",0.18
"1963-10-01",0.14
"1963-11-01",0.14
"1963-12-01",-0.03
"1964-01-01",-0.09
"1964-02-01",-0.1
"1964-03-01",-0.22
"1964-04-01",-0.32
"1964-05-01",-0.25
"1964-06-01",-0.05
"1964-07-01",-0.05
"1964-08-01",-0.21
"1964-09-01",-0.3
"1964-10-01",-0.31
"1964-11-01",-0.22
"1964-12-01",-0.3
"1965-01-01",-0.08
"1965-02-01",-0.17
"1965-03-01",-0.13
"1965-04-01",-0.2
"1965-05-01",-0.11
"1965-06-01",-0.08
"1965-07-01",-0.14
"1965-08-01",-0.05
"1965-09-01",-0.14
"1965-10-01",-0.06
"1965-11-01",-0.06
"1965-12-01",-0.08
"1966-01-01",-0.19
"1966-02-01",-0.05
"1966-03-01",0.03
"1966-04-01",-0.14
"1966-05-01",-0.12
"1966-06-01",-0.01
"1966-07-01",0.08
"1966-08-01",-0.08
"1966-09-01",-0.03
"1966-10-01",-0.16
"1966-11-01",-0.01
"1966-12-01",-0.03
"1967-01-01",-0.08
"1967-02-01",-0.21
"1967-03-01",0.05
"1967-04-01",-0.04
"1967-05-01",0.11
"1967-06-01",-0.08
"1967-07-01",0.03
"1967-08-01",-0.01
"1967-09-01",-0.05
"1967-10-01",0.1
"1967-11-01",-0.04
"1967-12-01",-0.05
"1968-01-01",-0.26
"1968-02-01",-0.15
"1968-03-01",0.2
"1968-04-01",-0.06
"1968-05-01",-0.13
"1968-06-01",-0.07
"1968-07-01",-0.12
"1968-08-01",-0.08
"1968-09-01",-0.17
"1968-10-01",0.09
"1968-11-01",-0.05
"1968-12-01",-0.14
"1969-01-01",-0.11
"1969-02-01",-0.17
"1969-03-01",0.01
"1969-04-01",0.17
"1969-05-01",0.18
"1969-06-01",0.04
"1969-07-01",-0.04
"1969-08-01",0.04
"1969-09-01",0.08
"1969-10-01",0.1
"1969-11-01",0.12
"1969-12-01",0.24
"1970-01-01",0.08
"1970-02-01",0.22
"1970-03-01",0.06
"1970-04-01",0.05
"1970-05-01",-0.04
"1970-06-01",-0.03
"1970-07-01",0.01
"1970-08-01",-0.1
"1970-09-01",0.11
"1970-10-01",0.03
"1970-11-01",0.02
"1970-12-01",-0.12
"1971-01-01",-0.03
"1971-02-01",-0.16
"1971-03-01",-0.18
"1971-04-01",-0.07
"1971-05-01",-0.05
"1971-06-01",-0.17
"1971-07-01",-0.08
"1971-08-01",-0.01
"1971-09-01",-0.06
"1971-10-01",-0.04
"1971-11-01",-0.07
"1971-12-01",-0.08
"1972-01-01",-0.22
"1972-02-01",-0.18
"1972-03-01",0.02
"1972-04-01",0
"1972-05-01",-0.03
"1972-06-01",0.04
"1972-07-01",0.01
"1972-08-01",0.16
"1972-09-01",0.02
"1972-10-01",0.08
"1972-11-01",0.03
"1972-12-01",0.17
"1973-01-01",0.29
"1973-02-01",0.33
"1973-03-01",0.29
"1973-04-01",0.28
"1973-05-01",0.23
"1973-06-01",0.19
"1973-07-01",0.13
"1973-08-01",0.05
"1973-09-01",0.09
"1973-10-01",0.1
"1973-11-01",0.05
"1973-12-01",-0.06
"1974-01-01",-0.1
"1974-02-01",-0.27
"1974-03-01",-0.05
"1974-04-01",-0.11
"1974-05-01",-0.04
"1974-06-01",-0.05
"1974-07-01",-0.03
"1974-08-01",0.11
"1974-09-01",-0.07
"1974-10-01",-0.05
"1974-11-01",-0.07
"1974-12-01",-0.08
"1975-01-01",0.11
"1975-02-01",0.08
"1975-03-01",0.13
"1975-04-01",0.04
"1975-05-01",0.16
"1975-06-01",-0.01
"1975-07-01",-0.01
"1975-08-01",-0.17
"1975-09-01",-0.03
"1975-10-01",-0.11
"1975-11-01",-0.17
"1975-12-01",-0.17
"1976-01-01",-0.03
"1976-02-01",-0.06
"1976-03-01",-0.21
"1976-04-01",-0.07
"1976-05-01",-0.2
"1976-06-01",-0.12
"1976-07-01",-0.1
"1976-08-01",-0.12
"1976-09-01",-0.06
"1976-10-01",-0.24
"1976-11-01",-0.06
"1976-12-01",0.11
"1977-01-01",0.18
"1977-02-01",0.23
"1977-03-01",0.25
"1977-04-01",0.27
"1977-05-01",0.33
"1977-06-01",0.27
"1977-07-01",0.2
"1977-08-01",0.18
"1977-09-01",0.02
"1977-10-01",0.03
"1977-11-01",0.16
"1977-12-01",0.03
"1978-01-01",0.06
"1978-02-01",0.1
"1978-03-01",0.19
"1978-04-01",0.17
"1978-05-01",0.09
"1978-06-01",-0.01
"1978-07-01",0.05
"1978-08-01",-0.13
"1978-09-01",0.06
"1978-10-01",0.03
"1978-11-01",0.14
"1978-12-01",0.08
"1979-01-01",0.09
"1979-02-01",-0.1
"1979-03-01",0.19
"1979-04-01",0.15
"1979-05-01",0.04
"1979-06-01",0.14
"1979-07-01",0.04
"1979-08-01",0.17
"1979-09-01",0.25
"1979-10-01",0.26
"1979-11-01",0.29
"1979-12-01",0.48
"1980-01-01",0.3
"1980-02-01",0.4
"1980-03-01",0.3
"1980-04-01",0.31
"1980-05-01",0.35
"1980-06-01",0.2
"1980-07-01",0.22
"1980-08-01",0.19
"1980-09-01",0.21
"1980-10-01",0.13
"1980-11-01",0.3
"1980-12-01",0.22
"1981-01-01",0.53
"1981-02-01",0.42
"1981-03-01",0.48
"1981-04-01",0.33
"1981-05-01",0.25
"1981-06-01",0.29
"1981-07-01",0.32
"1981-08-01",0.35
"1981-09-01",0.15
"1981-10-01",0.12
"1981-11-01",0.23
"1981-12-01",0.41
"1982-01-01",0.05
"1982-02-01",0.16
"1982-03-01",0.03
"1982-04-01",0.15
"1982-05-01",0.18
"1982-06-01",0.06
"1982-07-01",0.15
"1982-08-01",0.04
"1982-09-01",0.14
"1982-10-01",0.13
"1982-11-01",0.18
"1982-12-01",0.42
"1983-01-01",0.53
"1983-02-01",0.43
"1983-03-01",0.42
"1983-04-01",0.28
"1983-05-01",0.33
"1983-06-01",0.23
"1983-07-01",0.18
"1983-08-01",0.35
"1983-09-01",0.37
"1983-10-01",0.16
"1983-11-01",0.3
"1983-12-01",0.17
"1984-01-01",0.31
"1984-02-01",0.14
"1984-03-01",0.26
"1984-04-01",0.06
"1984-05-01",0.33
"1984-06-01",0.02
"1984-07-01",0.19
"1984-08-01",0.19
"1984-09-01",0.21
"1984-10-01",0.14
"1984-11-01",0.07
"1984-12-01",-0.04
"1985-01-01",0.22
"1985-02-01",-0.03
"1985-03-01",0.17
"1985-04-01",0.12
"1985-05-01",0.15
"1985-06-01",0.15
"1985-07-01",0.04
"1985-08-01",0.17
"1985-09-01",0.13
"1985-10-01",0.11
"1985-11-01",0.05
"1985-12-01",0.13
"1986-01-01",0.28
"1986-02-01",0.37
"1986-03-01",0.3
"1986-04-01",0.23
"1986-05-01",0.21
"1986-06-01",0.12
"1986-07-01",0.11
"1986-08-01",0.16
"1986-09-01",0.03
"1986-10-01",0.15
"1986-11-01",0.11
"1986-12-01",0.14
"1987-01-01",0.33
"1987-02-01",0.43
"1987-03-01",0.18
"1987-04-01",0.25
"1987-05-01",0.25
"1987-06-01",0.35
"1987-07-01",0.4
"1987-08-01",0.25
"1987-09-01",0.35
"1987-10-01",0.32
"1987-11-01",0.29
"1987-12-01",0.47
"1988-01-01",0.57
"1988-02-01",0.45
"1988-03-01",0.51
"1988-04-01",0.43
"1988-05-01",0.44
"1988-06-01",0.4
"1988-07-01",0.33
"1988-08-01",0.39
"1988-09-01",0.36
"1988-10-01",0.38
"1988-11-01",0.12
"1988-12-01",0.28
"1989-01-01",0.12
"1989-02-01",0.3
"1989-03-01",0.36
"1989-04-01",0.29
"1989-05-01",0.17
"1989-06-01",0.17
"1989-07-01",0.34
"1989-08-01",0.34
"1989-09-01",0.35
"1989-10-01",0.29
"1989-11-01",0.19
"1989-12-01",0.37
"1990-01-01",0.42
"1990-02-01",0.44
"1990-03-01",0.8
"1990-04-01",0.57
"1990-05-01",0.46
"1990-06-01",0.39
"1990-07-01",0.46
"1990-08-01",0.35
"1990-09-01",0.24
"1990-10-01",0.45
"1990-11-01",0.47
"1990-12-01",0.41
"1991-01-01",0.43
"1991-02-01",0.5
"1991-03-01",0.35
"1991-04-01",0.51
"1991-05-01",0.34
"1991-06-01",0.53
"1991-07-01",0.47
"1991-08-01",0.4
"1991-09-01",0.44
"1991-10-01",0.28
"1991-11-01",0.3
"1991-12-01",0.32
"1992-01-01",0.47
"1992-02-01",0.41
"1992-03-01",0.48
"1992-04-01",0.27
"1992-05-01",0.3
"1992-06-01",0.26
"1992-07-01",0.09
"1992-08-01",0.08
"1992-09-01",0
"1992-10-01",0.06
"1992-11-01",0.03
"1992-12-01",0.21
"1993-01-01",0.34
"1993-02-01",0.37
"1993-03-01",0.36
"1993-04-01",0.28
"1993-05-01",0.29
"1993-06-01",0.23
"1993-07-01",0.25
"1993-08-01",0.11
"1993-09-01",0.12
"1993-10-01",0.23
"1993-11-01",0.04
"1993-12-01",0.18
"1994-01-01",0.26
"1994-02-01",0.03
"1994-03-01",0.3
"1994-04-01",0.41
"1994-05-01",0.28
"1994-06-01",0.44
"1994-07-01",0.3
"1994-08-01",0.22
"1994-09-01",0.3
"1994-10-01",0.42
"1994-11-01",0.45
"1994-12-01",0.38
"1995-01-01",0.52
"1995-02-01",0.79
"1995-03-01",0.47
"1995-04-01",0.47
"1995-05-01",0.28
"1995-06-01",0.43
"1995-07-01",0.46
"1995-08-01",0.46
"1995-09-01",0.34
"1995-10-01",0.48
"1995-11-01",0.45
"1995-12-01",0.26
"1996-01-01",0.23
"1996-02-01",0.47
"1996-03-01",0.33
"1996-04-01",0.32
"1996-05-01",0.28
"1996-06-01",0.26
"1996-07-01",0.36
"1996-08-01",0.48
"1996-09-01",0.26
"1996-10-01",0.2
"1996-11-01",0.39
"1996-12-01",0.37
"1997-01-01",0.3
"1997-02-01",0.42
"1997-03-01",0.52
"1997-04-01",0.35
"1997-05-01",0.36
"1997-06-01",0.54
"1997-07-01",0.34
"1997-08-01",0.43
"1997-09-01",0.53
"1997-10-01",0.6
"1997-11-01",0.64
"1997-12-01",0.58
"1998-01-01",0.59
"1998-02-01",0.88
"1998-03-01",0.64
"1998-04-01",0.64
"1998-05-01",0.67
"1998-06-01",0.76
"1998-07-01",0.68
"1998-08-01",0.66
"1998-09-01",0.42
"1998-10-01",0.43
"1998-11-01",0.44
"1998-12-01",0.56
"1999-01-01",0.49
"1999-02-01",0.65
"1999-03-01",0.33
"1999-04-01",0.33
"1999-05-01",0.28
"1999-06-01",0.36
"1999-07-01",0.39
"1999-08-01",0.33
"1999-09-01",0.39
"1999-10-01",0.35
"1999-11-01",0.38
"1999-12-01",0.41
"2000-01-01",0.26
"2000-02-01",0.57
"2000-03-01",0.55
"2000-04-01",0.58
"2000-05-01",0.36
"2000-06-01",0.4
"2000-07-01",0.38
"2000-08-01",0.43
"2000-09-01",0.4
"2000-10-01",0.28
"2000-11-01",0.31
"2000-12-01",0.29
"2001-01-01",0.45
"2001-02-01",0.43
"2001-03-01",0.55
"2001-04-01",0.5
"2001-05-01",0.57
"2001-06-01",0.52
"2001-07-01",0.59
"2001-08-01",0.49
"2001-09-01",0.51
"2001-10-01",0.5
"2001-11-01",0.72
"2001-12-01",0.55
"2002-01-01",0.77
"2002-02-01",0.78
"2002-03-01",0.88
"2002-04-01",0.58
"2002-05-01",0.64
"2002-06-01",0.53
"2002-07-01",0.61
"2002-08-01",0.53
"2002-09-01",0.63
"2002-10-01",0.54
"2002-11-01",0.58
"2002-12-01",0.44
"2003-01-01",0.74
"2003-02-01",0.58
"2003-03-01",0.6
"2003-04-01",0.55
"2003-05-01",0.6
"2003-06-01",0.47
"2003-07-01",0.57
"2003-08-01",0.64
"2003-09-01",0.62
"2003-10-01",0.72
"2003-11-01",0.53
"2003-12-01",0.74
"2004-01-01",0.58
"2004-02-01",0.72
"2004-03-01",0.63
"2004-04-01",0.61
"2004-05-01",0.37
"2004-06-01",0.44
"2004-07-01",0.26
"2004-08-01",0.45
"2004-09-01",0.49
"2004-10-01",0.61
"2004-11-01",0.73
"2004-12-01",0.5
"2005-01-01",0.74
"2005-02-01",0.6
"2005-03-01",0.74
"2005-04-01",0.67
"2005-05-01",0.63
"2005-06-01",0.64
"2005-07-01",0.61
"2005-08-01",0.6
"2005-09-01",0.71
"2005-10-01",0.76
"2005-11-01",0.74
"2005-12-01",0.67
"2006-01-01",0.56
"2006-02-01",0.73
"2006-03-01",0.63
"2006-04-01",0.46
"2006-05-01",0.48
"2006-06-01",0.66
"2006-07-01",0.54
"2006-08-01",0.7
"2006-09-01",0.66
"2006-10-01",0.69
"2006-11-01",0.74
"2006-12-01",0.79
"2007-01-01",1.02
"2007-02-01",0.7
"2007-03-01",0.71
"2007-04-01",0.76
"2007-05-01",0.68
"2007-06-01",0.61
"2007-07-01",0.59
"2007-08-01",0.6
"2007-09-01",0.59
"2007-10-01",0.58
"2007-11-01",0.59
"2007-12-01",0.49
"2008-01-01",0.3
"2008-02-01",0.38
"2008-03-01",0.75
"2008-04-01",0.54
"2008-05-01",0.5
"2008-06-01",0.49
"2008-07-01",0.6
"2008-08-01",0.46
"2008-09-01",0.61
"2008-10-01",0.67
"2008-11-01",0.69
"2008-12-01",0.53
"2009-01-01",0.64
"2009-02-01",0.53
"2009-03-01",0.53
"2009-04-01",0.61
"2009-05-01",0.65
"2009-06-01",0.64
"2009-07-01",0.74
"2009-08-01",0.69
"2009-09-01",0.71
"2009-10-01",0.65
"2009-11-01",0.79
"2009-12-01",0.67
"2010-01-01",0.75
"2010-02-01",0.84
"2010-03-01",0.92
"2010-04-01",0.85
"2010-05-01",0.75
"2010-06-01",0.67
"2010-07-01",0.63
"2010-08-01",0.67
"2010-09-01",0.63
"2010-10-01",0.72
"2010-11-01",0.81
"2010-12-01",0.45
"2011-01-01",0.52
"2011-02-01",0.47
"2011-03-01",0.65
"2011-04-01",0.64
"2011-05-01",0.53
"2011-06-01",0.63
"2011-07-01",0.7
"2011-08-01",0.75
"2011-09-01",0.56
"2011-10-01",0.65
"2011-11-01",0.59
"2011-12-01",0.6
"2012-01-01",0.47
"2012-02-01",0.48
"2012-03-01",0.57
"2012-04-01",0.73
"2012-05-01",0.78
"2012-06-01",0.64
"2012-07-01",0.59
"2012-08-01",0.66
"2012-09-01",0.72
"2012-10-01",0.8
"2012-11-01",0.78
"2012-12-01",0.53
"2013-01-01",0.71
"2013-02-01",0.62
"2013-03-01",0.67
"2013-04-01",0.53
"2013-05-01",0.6
"2013-06-01",0.7
"2013-07-01",0.6
"2013-08-01",0.7
"2013-09-01",0.77
"2013-10-01",0.7
"2013-11-01",0.83
"2013-12-01",0.7
"2014-01-01",0.77
"2014-02-01",0.55
"2014-03-01",0.78
"2014-04-01",0.81
"2014-05-01",0.86
"2014-06-01",0.67
"2014-07-01",0.58
"2014-08-01",0.83
"2014-09-01",0.88
"2014-10-01",0.8
"2014-11-01",0.67
"2014-12-01",0.78
"2015-01-01",0.87
"2015-02-01",0.91
"2015-03-01",0.96
"2015-04-01",0.75
"2015-05-01",0.8
"2015-06-01",0.81
"2015-07-01",0.73
"2015-08-01",0.79
"2015-09-01",0.84
"2015-10-01",1.07
"2015-11-01",1.06
"2015-12-01",1.17
"2016-01-01",1.18
"2016-02-01",1.37
"2016-03-01",1.35
"2016-04-01",1.09
"2016-05-01",0.95
"2016-06-01",0.81
"2016-07-01",0.84
"2016-08-01",1.02
"2016-09-01",0.9
"2016-10-01",0.87
"2016-11-01",0.92
"2016-12-01",0.86
"2017-01-01",1.02
"2017-02-01",1.13
"2017-03-01",1.16
"2017-04-01",0.94
"2017-05-01",0.91
"2017-06-01",0.71
"2017-07-01",0.81
"2017-08-01",0.87
"2017-09-01",0.75
"2017-10-01",0.89
"2017-11-01",0.88
"2017-12-01",0.93
"2018-01-01",0.82
"2018-02-01",0.85
"2018-03-01",0.88
"2018-04-01",0.88
"2018-05-01",0.81
"2018-06-01",0.77
"2018-07-01",0.83
"2018-08-01",0.78
"2018-09-01",0.81
"2018-10-01",1.01
"2018-11-01",0.84
"2018-12-01",0.93
"2019-01-01",0.93
"2019-02-01",0.96
"2019-03-01",1.17
"2019-04-01",1.01
"2019-05-01",0.86
"2019-06-01",0.91
"2019-07-01",0.94
"2019-08-01",0.95
"2019-09-01",0.93
"2019-10-01",0.99
"2019-11-01",0.99
"2019-12-01",1.12
"2020-01-01",1.18
"2020-02-01",1.24
"2020-03-01",1.18
"2020-04-01",1.12
"2020-05-01",0.99
"2020-06-01",0.91
"2020-07-01",0.89
"2020-08-01",0.86
"2020-09-01",0.97
"2020-10-01",0.87
"2020-11-01",1.09
"2020-12-01",0.8
"2021-01-01",0.81
"2021-02-01",0.64
"2021-03-01",0.89
"2021-04-01",0.76
"2021-05-01",0.79
"2021-06-01",0.85
"2021-07-01",0.92
"2021-08-01",0.81
"2021-09-01",0.92
"2021-10-01",0.99
"2021-11-01",0.92
"2021-12-01",0.87
"2022-01-01",0.91
"2022-02-01",0.89
"2022-03-01",1.05
"2022-04-01",0.84
"2022-05-01",0.84
"2022-06-01",0.92
"2022-07-01",0.94
"2022-08-01",0.95
"2022-09-01",0.89
"2022-10-01",0.97
"2022-11-01",0.73
"2022-12-01",0.8
"2023-01-01",0.88
"2023-02-01",0.97
"2023-03-01",1.23
"2023-04-01",0.99
"2023-05-01",0.94
"2023-06-01",1.08
"2023-07-01",1.19
"2023-08-01",1.19
"2023-09-01",1.48
"2023-10-01",1.34
"2023-11-01",1.42
"2023-12-01",1.37
"2024-01-01",1.25
"2024-02-01",1.44
"2024-03-01",1.39
"2024-04-01",1.31
"2024-05-01",1.15
"2024-06-01",1.24
"2024-07-01",1.2
"2024-08-01",1.3
"2024-09-01",1.23
"2024-10-01",1.34
"2024-11-01",1.29
"2024-12-01",1.27
"2025-01-01",1.37
"2025-02-01",1.26
"2025-03-01",1.36
"2025-04-01",1.23
"2025-05-01",1.07
"2025-06-01",1.03
