"Sealevels Date","Sealevels Value"
"1000-01-01",8.1
"1020-01-01",7.2
"1040-01-01",6.3
"1060-01-01",5.3
"1080-01-01",4
"1100-01-01",2.1
"1120-01-01",0.4
"1140-01-01",-0.2
"1160-01-01",-0.2
"1180-01-01",-0.2
"1200-01-01",0.5
"1220-01-01",1.5
"1240-01-01",2
"1260-01-01",1.5
"1280-01-01",0.7
"1300-01-01",0.1
"1320-01-01",-0.3
"1340-01-01",-0.5
"1360-01-01",-0.5
"1380-01-01",-0.6
"1400-01-01",-1
"1420-01-01",-1.3
"1440-01-01",-1.1
"1460-01-01",-0.3
"1480-01-01",1.1
"1500-01-01",2.6
"1520-01-01",3.5
"1540-01-01",4.3
"1560-01-01",5
"1580-01-01",5.2
"1600-01-01",4.9
"1620-01-01",4.1
"1640-01-01",3.5
"1660-01-01",3.1
"1680-01-01",2.5
"1700-01-01",1.5
"1720-01-01",1
"1740-01-01",1.3
"1760-01-01",1.4
"1780-01-01",0.5
"1800-01-01",-0.7
"1810-01-01",-1.1
"1820-01-01",-1.5
"1830-01-01",-1.7
"1840-01-01",-2
"1850-01-01",-2.4
"1860-01-01",-2.6
"1870-01-01",-2.2
"1880-01-01",-1.9
"1890-01-15",-2.2
"1890-02-14",-2.2
"1890-03-16",-1
"1890-04-15",-0.8
"1890-05-15",-0.5
"1890-06-15",-1
"1890-07-15",-1.4
"1890-08-15",-1.8
"1890-09-14",-2
"1890-10-14",-2.2
"1890-11-14",-2.6
"1890-12-14",-3.4
"1891-01-15",-3.3
"1891-02-14",-3.4
"1891-03-16",-1.8
"1891-04-15",-2.1
"1891-05-15",-1.6
"1891-06-15",-1.9
"1891-07-15",-1.4
"1891-08-15",-1.2
"1891-09-14",-1.3
"1891-10-14",-1.5
"1891-11-14",-1.8
"1891-12-14",-1.9
"1892-01-15",-1.6
"1892-02-14",-0.9
"1892-03-16",-1
"1892-04-15",-0.9
"1892-05-16",-1.3
"1892-06-15",-1.2
"1892-07-16",-1.6
"1892-08-15",-1.7
"1892-09-15",-2.2
"1892-10-15",-2.2
"1892-11-15",-2.6
"1892-12-15",-2.3
"1893-01-15",-1.8
"1893-02-14",-1.4
"1893-03-16",-0.7
"1893-04-15",-0.8
"1893-05-15",-0.9
"1893-06-15",-1.1
"1893-07-15",-1.1
"1893-08-15",-0.9
"1893-09-14",-0.9
"1893-10-14",-1.1
"1893-11-14",-1.5
"1893-12-14",-1.6
"1894-01-15",-1.9
"1894-02-14",-1.8
"1894-03-16",-2
"1894-04-15",-1.9
"1894-05-15",-2.2
"1894-06-15",-2.3
"1894-07-15",-2.5
"1894-08-15",-2.5
"1894-09-14",-2.8
"1894-10-14",-2.3
"1894-11-14",-2.2
"1894-12-14",-1.1
"1895-01-15",-0.9
"1895-02-14",-0.5
"1895-03-16",-1
"1895-04-15",-1.2
"1895-05-15",-1.8
"1895-06-15",-1.2
"1895-07-15",-1.1
"1895-08-15",-0.8
"1895-09-14",-1
"1895-10-14",-0.2
"1895-11-14",-0.6
"1895-12-14",-0.9
"1896-01-15",-1.9
"1896-02-14",-2.9
"1896-03-16",-2.6
"1896-04-15",-2.1
"1896-05-16",-1.4
"1896-06-15",-0.5
"1896-07-16",-0.8
"1896-08-15",-0.9
"1896-09-15",-1.4
"1896-10-15",-1.7
"1896-11-15",-2
"1896-12-15",-2.2
"1897-01-15",-2
"1897-02-14",-2
"1897-03-16",-1.4
"1897-04-15",-1.2
"1897-05-15",-0.3
"1897-06-15",-0.1
"1897-07-15",0.3
"1897-08-15",0
"1897-09-14",-0.7
"1897-10-14",-1.4
"1897-11-14",-2.8
"1897-12-14",-2.6
"1898-01-15",-1.9
"1898-02-14",-0.5
"1898-03-16",0.3
"1898-04-15",0.5
"1898-05-15",0.6
"1898-06-15",0
"1898-07-15",-0.4
"1898-08-15",-1
"1898-09-14",-0.8
"1898-10-14",-0.2
"1898-11-14",0.2
"1898-12-14",0.3
"1899-01-15",0.3
"1899-02-14",0.1
"1899-03-16",0.2
"1899-04-15",0.5
"1899-05-15",0.2
"1899-06-15",0.1
"1899-07-15",-0.2
"1899-08-15",0.4
"1899-09-14",1
"1899-10-14",1.6
"1899-11-14",1.3
"1899-12-14",0.7
"1900-01-15",0.1
"1900-02-14",-0.1
"1900-03-16",0
"1900-04-15",0
"1900-05-15",0.3
"1900-06-15",0.2
"1900-07-15",-0.1
"1900-08-15",0.1
"1900-09-14",-0.5
"1900-10-14",0
"1900-11-14",-0.2
"1900-12-14",0
"1901-01-15",-0.3
"1901-02-14",-0.5
"1901-03-16",-0.5
"1901-04-15",-0.1
"1901-05-15",-0.5
"1901-06-15",-0.4
"1901-07-15",-0.6
"1901-08-15",-0.1
"1901-09-14",0.3
"1901-10-14",0.6
"1901-11-14",0.7
"1901-12-14",0.7
"1902-01-15",0.7
"1902-02-14",0.8
"1902-03-16",0.7
"1902-04-15",0.2
"1902-05-15",-0.2
"1902-06-15",-0.3
"1902-07-15",-0.2
"1902-08-15",0.2
"1902-09-14",0.6
"1902-10-14",0.8
"1902-11-14",0.9
"1902-12-14",0.7
"1903-01-15",0.9
"1903-02-14",0.8
"1903-03-16",1.5
"1903-04-15",2
"1903-05-15",2
"1903-06-15",1.9
"1903-07-15",1.4
"1903-08-15",1
"1903-09-14",0.6
"1903-10-14",0.9
"1903-11-14",0.6
"1903-12-14",0.8
"1904-01-15",0.4
"1904-02-14",1.2
"1904-03-16",0.7
"1904-04-15",0.7
"1904-05-16",0.2
"1904-06-15",0.3
"1904-07-16",0
"1904-08-15",-0.1
"1904-09-15",-0.3
"1904-10-15",-0.2
"1904-11-15",-0.2
"1904-12-15",-0.5
"1905-01-15",-0.8
"1905-02-14",-1
"1905-03-16",-1
"1905-04-15",-0.8
"1905-05-15",-0.6
"1905-06-15",-0.5
"1905-07-15",-0.2
"1905-08-15",0.2
"1905-09-14",0.5
"1905-10-14",0.2
"1905-11-14",-0.1
"1905-12-14",-0.5
"1906-01-15",-0.2
"1906-02-14",0
"1906-03-16",0.2
"1906-04-15",0.1
"1906-05-15",0.4
"1906-06-15",0.6
"1906-07-15",0.8
"1906-08-15",0.5
"1906-09-14",0.5
"1906-10-14",0.4
"1906-11-14",0.2
"1906-12-14",0.1
"1907-01-15",0
"1907-02-14",0.4
"1907-03-16",0.5
"1907-04-15",0.7
"1907-05-15",0.5
"1907-06-15",0.7
"1907-07-15",0.4
"1907-08-15",0.6
"1907-09-14",-0.2
"1907-10-14",-0.3
"1907-11-14",-0.8
"1907-12-14",-0.5
"1908-01-15",-0.1
"1908-02-14",0.1
"1908-03-16",0.1
"1908-04-15",-0.2
"1908-05-16",-0.3
"1908-06-15",0.2
"1908-07-16",0.3
"1908-08-15",0.5
"1908-09-15",0
"1908-10-15",-0.4
"1908-11-15",-0.6
"1908-12-15",-0.6
"1909-01-15",0.2
"1909-02-14",0.5
"1909-03-16",0.9
"1909-04-15",0.7
"1909-05-15",0.4
"1909-06-15",-0.1
"1909-07-15",0.1
"1909-08-15",0
"1909-09-14",0.4
"1909-10-14",0.4
"1909-11-14",0.5
"1909-12-14",0.4
"1910-01-15",0.3
"1910-02-14",-0.1
"1910-03-16",0
"1910-04-15",0
"1910-05-15",0.5
"1910-06-15",0.6
"1910-07-15",0.8
"1910-08-15",0.6
"1910-09-14",0.6
"1910-10-14",0.4
"1910-11-14",0.3
"1910-12-14",0.3
"1911-01-15",0.3
"1911-02-14",0.6
"1911-03-16",0.9
"1911-04-15",0.9
"1911-05-15",0.8
"1911-06-15",0.9
"1911-07-15",1
"1911-08-15",1.6
"1911-09-14",1.9
"1911-10-14",2.2
"1911-11-14",1.7
"1911-12-14",1.5
"1912-01-15",0.8
"1912-02-14",0.6
"1912-03-16",0.3
"1912-04-15",0.3
"1912-05-16",0.4
"1912-06-15",0.9
"1912-07-16",1
"1912-08-15",1.1
"1912-09-15",1.1
"1912-10-15",1.1
"1912-11-15",1.3
"1912-12-15",1.6
"1913-01-15",1
"1913-02-14",0.7
"1913-03-16",0.2
"1913-04-15",0.2
"1913-05-15",0.4
"1913-06-15",0.9
"1913-07-15",1.3
"1913-08-15",1.6
"1913-09-14",1.6
"1913-10-14",1.5
"1913-11-14",1.9
"1913-12-14",1.4
"1914-01-15",1.9
"1914-02-14",1.3
"1914-03-16",1.5
"1914-04-15",1.2
"1914-05-15",1.3
"1914-06-15",1
"1914-07-15",1
"1914-08-15",0.7
"1914-09-14",1.3
"1914-10-14",1.8
"1914-11-14",3.1
"1914-12-14",4.1
"1915-01-15",4.6
"1915-02-14",4.5
"1915-03-16",3.7
"1915-04-15",2.8
"1915-05-15",2.1
"1915-06-15",1.9
"1915-07-15",1.6
"1915-08-15",1.6
"1915-09-14",1.5
"1915-10-14",1.5
"1915-11-14",2
"1915-12-14",2
"1916-01-15",2.6
"1916-02-14",2.4
"1916-03-16",2.9
"1916-04-15",2.6
"1916-05-16",2.7
"1916-06-15",2.2
"1916-07-16",1.8
"1916-08-15",1.4
"1916-09-15",1.6
"1916-10-15",1.8
"1916-11-15",2.6
"1916-12-15",2.7
"1917-01-15",2.7
"1917-02-14",2.1
"1917-03-16",1.8
"1917-04-15",1.4
"1917-05-15",1.5
"1917-06-15",1.6
"1917-07-15",2
"1917-08-15",1.9
"1917-09-14",1.8
"1917-10-14",1.7
"1917-11-14",1.6
"1917-12-14",1.9
"1918-01-15",2
"1918-02-14",1.6
"1918-03-16",1.5
"1918-04-15",1.3
"1918-05-15",1.5
"1918-06-15",1.7
"1918-07-15",1.8
"1918-08-15",1.6
"1918-09-14",2
"1918-10-14",1.8
"1918-11-14",1.8
"1918-12-14",1.4
"1919-01-15",1.2
"1919-02-14",1
"1919-03-16",1.2
"1919-04-15",1.5
"1919-05-15",1.7
"1919-06-15",2.4
"1919-07-15",2.3
"1919-08-15",2.6
"1919-09-14",2.5
"1919-10-14",2.1
"1919-11-14",2
"1919-12-14",1.6
"1920-01-15",1.5
"1920-02-14",1.3
"1920-03-16",1.4
"1920-04-15",1.8
"1920-05-16",2.3
"1920-06-15",2.6
"1920-07-16",2.7
"1920-08-15",2.4
"1920-09-15",2
"1920-10-15",1.9
"1920-11-15",1.8
"1920-12-15",2
"1921-01-15",2
"1921-02-14",2.3
"1921-03-16",2.4
"1921-04-15",2.6
"1921-05-15",2.8
"1921-06-15",2.6
"1921-07-15",2.5
"1921-08-15",1.9
"1921-09-14",1.6
"1921-10-14",1.7
"1921-11-14",1.6
"1921-12-14",2.1
"1922-01-15",1.9
"1922-02-14",2.3
"1922-03-16",2.2
"1922-04-15",2.3
"1922-05-15",2.4
"1922-06-15",2.4
"1922-07-15",1.9
"1922-08-15",1.5
"1922-09-14",1.4
"1922-10-14",1.7
"1922-11-14",2.3
"1922-12-14",2.7
"1923-01-15",2.5
"1923-02-14",2.1
"1923-03-16",2.2
"1923-04-15",2.6
"1923-05-15",3.1
"1923-06-15",2.8
"1923-07-15",2.2
"1923-08-15",1.9
"1923-09-14",1.9
"1923-10-14",2
"1923-11-14",1.6
"1923-12-14",1.3
"1924-01-15",1.2
"1924-02-14",1.7
"1924-03-16",1.7
"1924-04-15",1.8
"1924-05-16",1.5
"1924-06-15",1.5
"1924-07-16",1.3
"1924-08-15",1.4
"1924-09-15",1.4
"1924-10-15",1.4
"1924-11-15",1.3
"1924-12-15",1.5
"1925-01-15",1.8
"1925-02-14",1.9
"1925-03-16",1.7
"1925-04-15",1.5
"1925-05-15",1.5
"1925-06-15",1.5
"1925-07-15",1.5
"1925-08-15",1.4
"1925-09-14",1.5
"1925-10-14",1.7
"1925-11-14",1.9
"1925-12-14",2.3
"1926-01-15",1.9
"1926-02-14",1.8
"1926-03-16",1.5
"1926-04-15",1.8
"1926-05-15",2
"1926-06-15",2.2
"1926-07-15",2.5
"1926-08-15",3.2
"1926-09-14",3.3
"1926-10-14",3.4
"1926-11-14",2.4
"1926-12-14",2.1
"1927-01-15",1.7
"1927-02-14",2.1
"1927-03-16",2.3
"1927-04-15",2.5
"1927-05-15",2.5
"1927-06-15",2.5
"1927-07-15",2.4
"1927-08-15",2.6
"1927-09-14",2
"1927-10-14",2.3
"1927-11-14",1.9
"1927-12-14",1.8
"1928-01-15",1.2
"1928-02-14",1.2
"1928-03-16",1.4
"1928-04-15",2
"1928-05-16",2.1
"1928-06-15",2.4
"1928-07-16",2.4
"1928-08-15",2.4
"1928-09-15",2.4
"1928-10-15",1.9
"1928-11-15",1.4
"1928-12-15",1.1
"1929-01-15",0.9
"1929-02-14",1.4
"1929-03-16",1.7
"1929-04-15",2.3
"1929-05-15",2
"1929-06-15",2.4
"1929-07-15",2.4
"1929-08-15",2.4
"1929-09-14",2.3
"1929-10-14",2.1
"1929-11-14",2.1
"1929-12-14",1.8
"1930-01-15",1.9
"1930-02-14",1.8
"1930-03-16",1.8
"1930-04-15",1.6
"1930-05-15",1.7
"1930-06-15",2.4
"1930-07-15",3.2
"1930-08-15",3.4
"1930-09-14",3.1
"1930-10-14",2.8
"1930-11-14",2.4
"1930-12-14",2.2
"1931-01-15",2.3
"1931-02-14",2.1
"1931-03-16",2.3
"1931-04-15",2.1
"1931-05-15",2.4
"1931-06-15",2.4
"1931-07-15",2.8
"1931-08-15",2.6
"1931-09-14",2.4
"1931-10-14",2.1
"1931-11-14",2
"1931-12-14",2.3
"1932-01-15",2.6
"1932-02-14",2.9
"1932-03-16",2.8
"1932-04-15",2.9
"1932-05-16",2.8
"1932-06-15",2.8
"1932-07-16",2.8
"1932-08-15",2.7
"1932-09-15",3
"1932-10-15",2.9
"1932-11-15",3.2
"1932-12-15",3.3
"1933-01-15",3.6
"1933-02-14",3.7
"1933-03-16",3.8
"1933-04-15",3.7
"1933-05-15",3.5
"1933-06-15",3.5
"1933-07-15",3.1
"1933-08-15",3.2
"1933-09-14",3.1
"1933-10-14",3.1
"1933-11-14",2.8
"1933-12-14",2.8
"1934-01-15",2.8
"1934-02-14",3.1
"1934-03-16",3.3
"1934-04-15",3.2
"1934-05-15",3.1
"1934-06-15",2.7
"1934-07-15",2.7
"1934-08-15",2.3
"1934-09-14",2.4
"1934-10-14",2.1
"1934-11-14",2.7
"1934-12-14",2.9
"1935-01-15",3.4
"1935-02-14",3.7
"1935-03-16",3.7
"1935-04-15",3.8
"1935-05-15",3.5
"1935-06-15",3.6
"1935-07-15",3.5
"1935-08-15",3.4
"1935-09-14",3.2
"1935-10-14",2.9
"1935-11-14",2.7
"1935-12-14",2.9
"1936-01-15",3.3
"1936-02-14",3.5
"1936-03-16",3.1
"1936-04-15",2.7
"1936-05-16",2.6
"1936-06-15",2.8
"1936-07-16",2.7
"1936-08-15",2.9
"1936-09-15",2.6
"1936-10-15",3.1
"1936-11-15",2.9
"1936-12-15",3.2
"1937-01-15",3.1
"1937-02-14",3.6
"1937-03-16",3.4
"1937-04-15",3.6
"1937-05-15",3.5
"1937-06-15",3.3
"1937-07-15",3.3
"1937-08-15",3.3
"1937-09-14",3.6
"1937-10-14",3.7
"1937-11-14",3.8
"1937-12-14",4
"1938-01-15",4.2
"1938-02-14",4.4
"1938-03-16",4.4
"1938-04-15",4.2
"1938-05-15",3.6
"1938-06-15",3.3
"1938-07-15",2.9
"1938-08-15",3.2
"1938-09-14",3.4
"1938-10-14",3.9
"1938-11-14",4
"1938-12-14",3.9
"1939-01-15",4
"1939-02-14",3.6
"1939-03-16",3.8
"1939-04-15",4
"1939-05-15",4.6
"1939-06-15",5.2
"1939-07-15",5.2
"1939-08-15",5
"1939-09-14",4.3
"1939-10-14",3.9
"1939-11-14",4.1
"1939-12-14",4.1
"1940-01-15",4.2
"1940-02-14",4
"1940-03-16",3.9
"1940-04-15",3.4
"1940-05-16",3.3
"1940-06-15",2.9
"1940-07-16",3.1
"1940-08-15",3.4
"1940-09-15",3.8
"1940-10-15",4.2
"1940-11-15",4.5
"1940-12-15",4.6
"1941-01-15",4.6
"1941-02-14",4.9
"1941-03-16",4.9
"1941-04-15",5.1
"1941-05-15",4.9
"1941-06-15",4.9
"1941-07-15",5.2
"1941-08-15",5.6
"1941-09-14",5.6
"1941-10-14",5.2
"1941-11-14",4.6
"1941-12-14",4.6
"1942-01-15",4.5
"1942-02-14",4.6
"1942-03-16",4.4
"1942-04-15",4.4
"1942-05-15",4.5
"1942-06-15",4.8
"1942-07-15",5.2
"1942-08-15",5.5
"1942-09-14",5.6
"1942-10-14",5.6
"1942-11-14",5.5
"1942-12-14",5.3
"1943-01-15",5.6
"1943-02-14",5.6
"1943-03-16",5.6
"1943-04-15",5.6
"1943-05-15",5.2
"1943-06-15",5.2
"1943-07-15",4.8
"1943-08-15",4.7
"1943-09-14",4.6
"1943-10-14",4.5
"1943-11-14",4.4
"1943-12-14",4.3
"1944-01-15",4.7
"1944-02-14",5.3
"1944-03-16",5.6
"1944-04-15",5.1
"1944-05-16",4.4
"1944-06-15",3.8
"1944-07-16",3.5
"1944-08-15",3.5
"1944-09-15",3.7
"1944-10-15",4
"1944-11-15",4.3
"1944-12-15",4.5
"1945-01-15",4.6
"1945-02-14",4.5
"1945-03-16",4.5
"1945-04-15",4.6
"1945-05-15",4.7
"1945-06-15",5.1
"1945-07-15",4.7
"1945-08-15",4.7
"1945-09-14",4.3
"1945-10-14",4.5
"1945-11-14",4.5
"1945-12-14",4.9
"1946-01-15",4.8
"1946-02-14",5.2
"1946-03-16",5.1
"1946-04-15",5.5
"1946-05-15",5.7
"1946-06-15",6
"1946-07-15",6.1
"1946-08-15",5.9
"1946-09-14",5.5
"1946-10-14",5.2
"1946-11-14",4.9
"1946-12-14",4.8
"1947-01-15",4.8
"1947-02-14",5
"1947-03-16",5.2
"1947-04-15",5
"1947-05-15",5.1
"1947-06-15",5.3
"1947-07-15",5.5
"1947-08-15",5.8
"1947-09-14",6.1
"1947-10-14",6.6
"1947-11-14",7.1
"1947-12-14",6.9
"1948-01-15",6.6
"1948-02-14",6.2
"1948-03-16",5.9
"1948-04-15",5.9
"1948-05-16",6.1
"1948-06-15",6.1
"1948-07-16",6.2
"1948-08-15",6
"1948-09-15",6.2
"1948-10-15",6.1
"1948-11-15",6.3
"1948-12-15",6.4
"1949-01-15",6.6
"1949-02-14",6.6
"1949-03-16",6.3
"1949-04-15",6
"1949-05-15",5.8
"1949-06-15",5.8
"1949-07-15",5.7
"1949-08-15",5.8
"1949-09-14",5.7
"1949-10-14",6
"1949-11-14",6.1
"1949-12-14",6.2
"1950-01-15",6
"1950-02-14",5.9
"1950-03-16",5.9
"1950-04-15",6.1
"1950-05-15",6.2
"1950-06-15",6.2
"1950-07-15",6.1
"1950-08-15",6.1
"1950-09-14",6.2
"1950-10-14",6.5
"1950-11-14",6.8
"1950-12-14",7
"1951-01-15",6.9
"1951-02-14",7.3
"1951-03-16",7.8
"1951-04-15",7.9
"1951-05-15",7.9
"1951-06-15",7.4
"1951-07-15",7.1
"1951-08-15",6.7
"1951-09-14",6.8
"1951-10-14",6.8
"1951-11-14",7
"1951-12-14",6.8
"1952-01-15",6.8
"1952-02-14",6.7
"1952-03-16",6.6
"1952-04-15",6.6
"1952-05-16",6.6
"1952-06-15",6.9
"1952-07-16",6.8
"1952-08-15",6.9
"1952-09-15",7.1
"1952-10-15",7.2
"1952-11-15",7.7
"1952-12-15",7.7
"1953-01-15",7.7
"1953-02-14",7.4
"1953-03-16",7.2
"1953-04-15",7.4
"1953-05-15",7.7
"1953-06-15",8
"1953-07-15",7.8
"1953-08-15",7.5
"1953-09-14",7.2
"1953-10-14",7
"1953-11-14",6.9
"1953-12-14",6.9
"1954-01-15",7.1
"1954-02-14",7.2
"1954-03-16",7.3
"1954-04-15",7.1
"1954-05-15",7.1
"1954-06-15",6.8
"1954-07-15",6.6
"1954-08-15",6.5
"1954-09-14",6.7
"1954-10-14",7.2
"1954-11-14",7.7
"1954-12-14",7.9
"1955-01-15",8.1
"1955-02-14",8.1
"1955-03-16",7.8
"1955-04-15",7.3
"1955-05-15",6.9
"1955-06-15",6.6
"1955-07-15",6.4
"1955-08-15",6.7
"1955-09-14",6.8
"1955-10-14",7.2
"1955-11-14",7.3
"1955-12-14",7.2
"1956-01-15",7.1
"1956-02-14",6.8
"1956-03-16",6.9
"1956-04-15",7.1
"1956-05-16",7.1
"1956-06-15",7
"1956-07-16",6.5
"1956-08-15",6.4
"1956-09-15",6.3
"1956-10-15",6.3
"1956-11-15",6.3
"1956-12-15",6.4
"1957-01-15",6.9
"1957-02-14",7.7
"1957-03-16",8.1
"1957-04-15",8.3
"1957-05-15",8.4
"1957-06-15",8.5
"1957-07-15",8.4
"1957-08-15",8.1
"1957-09-14",8
"1957-10-14",7.9
"1957-11-14",8
"1957-12-14",7.9
"1958-01-15",8.1
"1958-02-14",8.1
"1958-03-16",8.1
"1958-04-15",7.9
"1958-05-15",7.9
"1958-06-15",7.9
"1958-07-15",8
"1958-08-15",8.1
"1958-09-14",8.2
"1958-10-14",8.4
"1958-11-14",8.6
"1958-12-14",8.7
"1959-01-15",8.5
"1959-02-14",8.1
"1959-03-16",7.9
"1959-04-15",8
"1959-05-15",8
"1959-06-15",8.2
"1959-07-15",8.2
"1959-08-15",8.4
"1959-09-14",8.3
"1959-10-14",8.5
"1959-11-14",8.1
"1959-12-14",8.1
"1960-01-15",8.1
"1960-02-14",8.5
"1960-03-16",8.5
"1960-04-15",8.7
"1960-05-16",8.7
"1960-06-15",8.7
"1960-07-16",8.6
"1960-08-15",8.5
"1960-09-15",8.5
"1960-10-15",8.5
"1960-11-15",8.6
"1960-12-15",8.9
"1961-01-15",9.2
"1961-02-14",9.7
"1961-03-16",9.7
"1961-04-15",9.8
"1961-05-15",9.5
"1961-06-15",9.3
"1961-07-15",9.2
"1961-08-15",9.1
"1961-09-14",9
"1961-10-14",8.7
"1961-11-14",8.5
"1961-12-14",8.6
"1962-01-15",8.6
"1962-02-14",8.7
"1962-03-16",8.6
"1962-04-15",8.5
"1962-05-15",8.5
"1962-06-15",8.5
"1962-07-15",8.3
"1962-08-15",8.6
"1962-09-14",8.8
"1962-10-14",9.1
"1962-11-14",9
"1962-12-14",8.8
"1963-01-15",8.9
"1963-02-14",8.9
"1963-03-16",8.9
"1963-04-15",8.7
"1963-05-15",8.6
"1963-06-15",8.4
"1963-07-15",8.3
"1963-08-15",8.2
"1963-09-14",8.4
"1963-10-14",8.3
"1963-11-14",8.5
"1963-12-14",7.9
"1964-01-15",7.5
"1964-02-14",7.1
"1964-03-16",7
"1964-04-15",6.9
"1964-05-16",7.4
"1964-06-15",7.9
"1964-07-16",8.3
"1964-08-15",8.3
"1964-09-15",8.1
"1964-10-15",7.9
"1964-11-15",7.9
"1964-12-15",8.2
"1965-01-15",8.7
"1965-02-14",9.1
"1965-03-16",8.9
"1965-04-15",8.6
"1965-05-15",8.2
"1965-06-15",8.3
"1965-07-15",8.6
"1965-08-15",9
"1965-09-14",9.3
"1965-10-14",9.2
"1965-11-14",9.1
"1965-12-14",9
"1966-01-15",8.9
"1966-02-14",8.7
"1966-03-16",8.5
"1966-04-15",8.2
"1966-05-15",8.1
"1966-06-15",8.1
"1966-07-15",8.3
"1966-08-15",8.3
"1966-09-14",8.3
"1966-10-14",8.2
"1966-11-14",7.8
"1966-12-14",8.1
"1967-01-15",7.9
"1967-02-14",8
"1967-03-16",7.7
"1967-04-15",7.9
"1967-05-15",8.1
"1967-06-15",8.5
"1967-07-15",8.6
"1967-08-15",8.8
"1967-09-14",8.8
"1967-10-14",8.9
"1967-11-14",9
"1967-12-14",9
"1968-01-15",9
"1968-02-14",8.8
"1968-03-16",8.2
"1968-04-15",7.7
"1968-05-16",7.3
"1968-06-15",7.5
"1968-07-16",7.9
"1968-08-15",8.6
"1968-09-15",9
"1968-10-15",9.4
"1968-11-15",9.4
"1968-12-15",9.3
"1969-01-15",9.4
"1969-02-14",9.3
"1969-03-16",9.4
"1969-04-15",9.3
"1969-05-15",9.1
"1969-06-15",9.1
"1969-07-15",8.9
"1969-08-15",9.1
"1969-09-14",9.2
"1969-10-14",9.3
"1969-11-14",9.2
"1969-12-14",9.1
"1970-01-15",9.1
"1970-02-14",9.2
"1970-03-16",9.2
"1970-04-15",8.9
"1970-05-15",8.9
"1970-06-15",8.9
"1970-07-15",8.7
"1970-08-15",8.8
"1970-09-14",8.8
"1970-10-14",9.1
"1970-11-14",9.1
"1970-12-14",9.3
"1971-01-15",9.5
"1971-02-14",9.8
"1971-03-16",9.9
"1971-04-15",9.9
"1971-05-15",9.5
"1971-06-15",9.2
"1971-07-15",9.1
"1971-08-15",9.3
"1971-09-14",9.7
"1971-10-14",9.6
"1971-11-14",9.4
"1971-12-14",9.2
"1972-01-15",9.6
"1972-02-14",10.1
"1972-03-16",10.5
"1972-04-15",10.5
"1972-05-16",10.7
"1972-06-15",11
"1972-07-16",11.1
"1972-08-15",10.7
"1972-09-15",10.4
"1972-10-15",10.2
"1972-11-15",10.3
"1972-12-15",10.1
"1973-01-15",9.7
"1973-02-14",9.6
"1973-03-16",9.5
"1973-04-15",9.8
"1973-05-15",9.6
"1973-06-15",9.7
"1973-07-15",9.6
"1973-08-15",9.6
"1973-09-14",9.5
"1973-10-14",9.8
"1973-11-14",10.5
"1973-12-14",11
"1974-01-15",11.5
"1974-02-14",11.3
"1974-03-16",11.2
"1974-04-15",11.3
"1974-05-15",11.2
"1974-06-15",11.2
"1974-07-15",11
"1974-08-15",10.8
"1974-09-14",10.7
"1974-10-14",10.6
"1974-11-14",10.7
"1974-12-14",10.8
"1975-01-15",10.9
"1975-02-14",11
"1975-03-16",11.1
"1975-04-15",11
"1975-05-15",10.9
"1975-06-15",10.7
"1975-07-15",10.7
"1975-08-15",10.8
"1975-09-14",10.9
"1975-10-14",10.9
"1975-11-14",10.9
"1975-12-14",10.7
"1976-01-15",10.7
"1976-02-14",10.4
"1976-03-16",10.6
"1976-04-15",10.7
"1976-05-16",10.7
"1976-06-15",11
"1976-07-16",10.8
"1976-08-15",10.6
"1976-09-15",10.8
"1976-10-15",10.7
"1976-11-15",11
"1976-12-15",11
"1977-01-15",10.9
"1977-02-14",10.6
"1977-03-16",10.5
"1977-04-15",10.2
"1977-05-15",10.3
"1977-06-15",10.3
"1977-07-15",10.4
"1977-08-15",10.5
"1977-09-14",10.6
"1977-10-14",10.7
"1977-11-14",10.9
"1977-12-14",11.2
"1978-01-15",11.4
"1978-02-14",11.8
"1978-03-16",11.7
"1978-04-15",11.7
"1978-05-15",11.3
"1978-06-15",11.1
"1978-07-15",11
"1978-08-15",11.2
"1978-09-14",11.2
"1978-10-14",11.2
"1978-11-14",10.8
"1978-12-14",10.5
"1979-01-15",10.2
"1979-02-14",10.3
"1979-03-16",10.4
"1979-04-15",10.4
"1979-05-15",10.2
"1979-06-15",10.3
"1979-07-15",10.5
"1979-08-15",11
"1979-09-14",11.3
"1979-10-14",11.5
"1979-11-14",11.3
"1979-12-14",11.5
"1980-01-15",11.5
"1980-02-14",11.6
"1980-03-16",11.4
"1980-04-15",11.4
"1980-05-16",11.4
"1980-06-15",11.3
"1980-07-16",11.1
"1980-08-15",10.9
"1980-09-15",10.9
"1980-10-15",11.1
"1980-11-15",11.6
"1980-12-15",12
"1981-01-15",12.2
"1981-02-14",12.3
"1981-03-16",12.5
"1981-04-15",12.6
"1981-05-15",12.7
"1981-06-15",12.8
"1981-07-15",12.6
"1981-08-15",12.7
"1981-09-14",12.6
"1981-10-14",12.8
"1981-11-14",12.7
"1981-12-14",12.6
"1982-01-15",12.2
"1982-02-14",12.1
"1982-03-16",11.9
"1982-04-15",11.7
"1982-05-15",11.6
"1982-06-15",11.5
"1982-07-15",11.4
"1982-08-15",11.6
"1982-09-14",12
"1982-10-14",12.5
"1982-11-14",12.8
"1982-12-14",12.8
"1983-01-15",13
"1983-02-14",12.9
"1983-03-16",13.1
"1983-04-15",13.4
"1983-05-15",13.7
"1983-06-15",13.6
"1983-07-15",13.2
"1983-08-15",12.4
"1983-09-14",12.3
"1983-10-14",12
"1983-11-14",12.3
"1983-12-14",12.1
"1984-01-15",12.2
"1984-02-14",12.4
"1984-03-16",12.7
"1984-04-15",12.8
"1984-05-16",12.9
"1984-06-15",13.1
"1984-07-16",13.1
"1984-08-15",13.2
"1984-09-15",13
"1984-10-15",12.9
"1984-11-15",12.6
"1984-12-15",12.4
"1985-01-15",12
"1985-02-14",12
"1985-03-16",11.8
"1985-04-15",11.8
"1985-05-15",11.6
"1985-06-15",11.7
"1985-07-15",11.6
"1985-08-15",11.5
"1985-09-14",11.5
"1985-10-14",11.6
"1985-11-14",11.7
"1985-12-14",11.8
"1986-01-15",11.9
"1986-02-14",12
"1986-03-16",12
"1986-04-15",11.9
"1986-05-15",11.8
"1986-06-15",11.9
"1986-07-15",11.7
"1986-08-15",11.7
"1986-09-14",11.6
"1986-10-14",11.6
"1986-11-14",11.6
"1986-12-14",11.7
"1987-01-15",11.9
"1987-02-14",12.1
"1987-03-16",11.9
"1987-04-15",11.8
"1987-05-15",11.9
"1987-06-15",12.1
"1987-07-15",12.2
"1987-08-15",11.6
"1987-09-14",11.5
"1987-10-14",11.3
"1987-11-14",11.8
"1987-12-14",12.1
"1988-01-15",12.1
"1988-02-14",12.2
"1988-03-16",12
"1988-04-15",12.2
"1988-05-16",12.2
"1988-06-15",12.3
"1988-07-16",12.4
"1988-08-15",12.5
"1988-09-15",12.7
"1988-10-15",12.7
"1988-11-15",12.5
"1988-12-15",12.1
"1989-01-15",12.1
"1989-02-14",12.2
"1989-03-16",12.8
"1989-04-15",12.8
"1989-05-15",12.9
"1989-06-15",12.7
"1989-07-15",12.7
"1989-08-15",12.9
"1989-09-14",13
"1989-10-14",13.1
"1989-11-14",13.1
"1989-12-14",12.9
"1990-01-15",13
"1990-02-14",12.7
"1990-03-16",12.6
"1990-04-15",12.6
"1990-05-15",12.6
"1990-06-15",13
"1990-07-15",13
"1990-08-15",13.3
"1990-09-14",13.3
"1990-10-14",13.4
"1990-11-14",13.4
"1990-12-14",13.2
"1991-01-15",13.3
"1991-02-14",13.4
"1991-03-16",13.5
"1991-04-15",13.1
"1991-05-15",12.9
"1991-06-15",12.9
"1991-07-15",13.1
"1991-08-15",13.4
"1991-09-14",13.4
"1991-10-14",13.4
"1991-11-14",13.4
"1991-12-14",13.3
"1992-01-15",13.5
"1992-02-14",13.6
"1992-03-16",13.5
"1992-04-15",13.3
"1992-05-16",13.1
"1992-06-15",13.1
"1992-07-16",13
"1992-08-15",13.1
"1992-09-15",13.2
"1992-10-15",13.5
"1992-11-15",13.5
"1992-12-16",13.2
"1992-12-25",13
"1993-01-03",13
"1993-01-14",12.7
"1993-01-23",12.4
"1993-02-04",12.2
"1993-02-12",12.5
"1993-02-22",13
"1993-03-05",13.1
"1993-03-15",13
"1993-03-24",13
"1993-04-13",12.8
"1993-04-23",13.3
"1993-05-03",13.1
"1993-05-13",13.2
"1993-05-23",12.8
"1993-06-02",12.7
"1993-06-12",13
"1993-06-22",13.4
"1993-07-02",13.4
"1993-07-12",13.6
"1993-07-31",13.2
"1993-08-11",13.5
"1993-08-20",13.9
"1993-08-30",14.2
"1993-09-09",14
"1993-09-19",13.8
"1993-09-29",14.1
"1993-10-09",14.4
"1993-10-19",14.2
"1993-11-08",14.1
"1993-11-18",13.7
"1993-11-27",13.8
"1993-12-07",13.9
"1993-12-17",14.2
"1993-12-27",14
"1994-01-06",13.2
"1994-01-16",13.4
"1994-01-26",13.5
"1994-02-05",13.2
"1994-02-15",13.1
"1994-02-25",13.3
"1994-03-07",13.6
"1994-03-26",13.5
"1994-04-05",13.6
"1994-04-16",13.7
"1994-04-25",13.7
"1994-05-05",13.4
"1994-05-15",13.3
"1994-05-25",13
"1994-06-04",13.3
"1994-06-14",13.7
"1994-07-04",13.1
"1994-07-14",13.6
"1994-07-24",13.7
"1994-08-02",13.9
"1994-08-13",14
"1994-08-22",14.2
"1994-09-01",14.2
"1994-09-11",14.5
"1994-09-21",14.3
"1994-10-01",14.2
"1994-10-11",14.4
"1994-10-21",14.7
"1994-10-31",14.6
"1994-11-20",14
"1994-11-29",13.7
"1994-12-10",14.3
"1994-12-20",14.2
"1994-12-29",14.1
"1995-01-08",14
"1995-01-18",13.8
"1995-01-28",14.3
"1995-02-07",13.9
"1995-02-17",13.5
"1995-02-27",13.8
"1995-03-19",14.2
"1995-03-29",13.6
"1995-04-08",13.8
"1995-04-18",13.9
"1995-04-27",13.8
"1995-05-17",13.5
"1995-05-27",13.7
"1995-06-06",14.1
"1995-06-16",13.8
"1995-06-26",13.5
"1995-07-16",13.4
"1995-07-26",13.7
"1995-08-05",13.9
"1995-08-15",14.2
"1995-08-25",14.1
"1995-09-03",14.3
"1995-09-13",14.7
"1995-09-23",15.3
"1995-10-03",14.8
"1995-10-13",14.5
"1995-11-02",14.4
"1995-11-12",14.3
"1995-11-21",14.5
"1995-12-12",14
"1995-12-22",14.5
"1996-01-01",14
"1996-01-10",13.8
"1996-01-20",13.8
"1996-01-30",13.7
"1996-02-09",14.2
"1996-02-29",14
"1996-03-10",13.8
"1996-03-20",14.1
"1996-03-30",14.1
"1996-04-08",13.9
"1996-04-18",13.8
"1996-04-28",13.8
"1996-05-08",13.8
"1996-05-18",13.9
"1996-05-28",14.1
"1996-06-07",13.9
"1996-06-27",14
"1996-07-07",14.1
"1996-07-16",14.2
"1996-07-26",14.5
"1996-08-05",14.5
"1996-08-15",14.3
"1996-08-25",14.2
"1996-09-04",14.2
"1996-09-14",14.7
"1996-09-24",15
"1996-10-04",15.1
"1996-10-23",15.4
"1996-11-02",15.5
"1996-11-12",15.1
"1996-11-22",14.4
"1996-12-02",14.4
"1996-12-12",14.4
"1996-12-22",13.8
"1996-12-31",13.8
"1997-01-11",14.1
"1997-01-21",13.8
"1997-01-30",14
"1997-02-19",13.7
"1997-03-01",13.8
"1997-03-11",13.8
"1997-03-21",14
"1997-03-31",14.2
"1997-04-10",14.1
"1997-04-20",13.9
"1997-04-30",14
"1997-05-10",14.3
"1997-05-20",14.1
"1997-05-30",14.3
"1997-06-18",14.1
"1997-06-28",14.3
"1997-07-08",14.6
"1997-07-18",15.1
"1997-07-28",14.9
"1997-08-17",15
"1997-08-27",15.3
"1997-09-05",15.5
"1997-09-16",15.9
"1997-09-26",15.9
"1997-10-15",15.6
"1997-10-25",15.7
"1997-11-04",15.8
"1997-11-14",15.2
"1997-11-24",15
"1997-12-04",15.1
"1997-12-14",14.5
"1997-12-24",14.8
"1998-01-03",14.7
"1998-01-13",14.8
"1998-02-02",14.4
"1998-02-11",14.4
"1998-02-21",14.4
"1998-03-03",14.4
"1998-03-13",14.6
"1998-03-23",14.6
"1998-04-02",14.3
"1998-04-12",14.6
"1998-04-22",14.5
"1998-05-02",14.5
"1998-05-12",14.2
"1998-06-01",13.8
"1998-06-10",13.9
"1998-06-20",14
"1998-07-01",14.3
"1998-07-10",14.3
"1998-07-20",14
"1998-08-09",14.4
"1998-08-19",14.3
"1998-08-29",14.6
"1998-09-08",14.7
"1998-09-18",14.5
"1998-09-28",14.6
"1998-10-08",14.6
"1998-10-28",14.9
"1998-11-06",14.5
"1998-11-16",14.3
"1998-11-26",14
"1998-12-06",14.6
"1998-12-16",14.3
"1998-12-26",14.3
"1999-01-05",14
"1999-01-15",14.1
"1999-02-04",13.6
"1999-02-15",15
"1999-02-24",14.5
"1999-03-06",14.4
"1999-03-15",14.1
"1999-03-25",14.4
"1999-04-04",14.4
"1999-04-14",14.4
"1999-05-04",14.2
"1999-05-14",14.1
"1999-05-24",14
"1999-06-03",14.4
"1999-06-13",14.1
"1999-06-23",14.2
"1999-07-03",14.5
"1999-07-12",14.6
"1999-07-22",14.5
"1999-08-01",14.8
"1999-08-11",14.7
"1999-08-21",15.2
"1999-09-10",15.2
"1999-09-20",15.6
"1999-09-30",15.5
"1999-10-10",15.9
"1999-10-20",15.6
"1999-10-30",15.3
"1999-11-09",15
"1999-11-18",15.2
"1999-11-28",15.2
"1999-12-18",15.3
"1999-12-28",15.2
"2000-01-07",14.9
"2000-01-17",14.9
"2000-01-27",15.1
"2000-02-06",14.8
"2000-02-16",14.6
"2000-02-25",14.7
"2000-03-06",14.5
"2000-03-16",14.4
"2000-03-26",15
"2000-04-15",14.6
"2000-04-25",14.4
"2000-05-05",14.3
"2000-05-15",14.4
"2000-05-25",14.4
"2000-06-03",14.6
"2000-06-13",14.5
"2000-06-23",14.3
"2000-07-03",14.5
"2000-07-13",14.8
"2000-08-02",14.9
"2000-08-12",15
"2000-08-22",15.3
"2000-08-31",15
"2000-09-10",15.3
"2000-09-20",16
"2000-09-30",16.3
"2000-10-10",16.2
"2000-10-20",15.7
"2000-11-09",15.8
"2000-11-18",15.8
"2000-11-29",15.6
"2000-12-08",15.3
"2000-12-18",15.1
"2000-12-28",15.4
"2001-01-07",15.3
"2001-01-27",15.2
"2001-02-06",15
"2001-02-16",14.6
"2001-02-26",15
"2001-03-08",15.4
"2001-03-17",15
"2001-03-28",15.4
"2001-04-07",15.2
"2001-04-16",15.3
"2001-04-26",15.1
"2001-05-06",15
"2001-05-16",15.2
"2001-05-26",15.1
"2001-06-05",14.9
"2001-06-15",14.8
"2001-06-25",15.5
"2001-07-05",15.7
"2001-07-15",16
"2001-07-25",15.6
"2001-08-04",16
"2001-08-13",15.7
"2001-08-23",15.8
"2001-09-02",16.1
"2001-09-12",16.6
"2001-09-22",16.6
"2001-10-02",16.6
"2001-10-12",16.1
"2001-10-22",15.9
"2001-11-01",16.4
"2001-11-11",16.5
"2001-11-21",16.1
"2001-12-01",15.7
"2001-12-11",15.6
"2001-12-20",15.6
"2001-12-30",16
"2002-01-09",15.6
"2002-01-19",15.4
"2002-01-30",16
"2002-02-08",15.9
"2002-02-18",15.9
"2002-02-28",15.9
"2002-03-10",15.3
"2002-03-20",15.5
"2002-03-30",15.4
"2002-04-09",15.9
"2002-04-18",15.4
"2002-04-28",15.5
"2002-05-08",15.5
"2002-05-18",15.6
"2002-05-28",15.6
"2002-06-07",15.3
"2002-06-17",15.7
"2002-06-27",16.1
"2002-07-07",15.9
"2002-07-17",16.1
"2002-07-27",16.4
"2002-08-06",16.6
"2002-08-16",16.9
"2002-08-25",16.5
"2002-09-04",16.4
"2002-09-15",16.6
"2002-09-24",16.8
"2002-10-04",16.8
"2002-10-14",17.1
"2002-10-24",17.5
"2002-11-03",16.8
"2002-11-13",16.8
"2002-11-23",17
"2002-12-03",16.7
"2002-12-13",16.6
"2002-12-22",16.4
"2003-01-01",16.1
"2003-01-12",15.9
"2003-01-21",16.6
"2003-01-31",16.5
"2003-02-10",16.7
"2003-02-20",16.1
"2003-03-02",16
"2003-03-12",16.1
"2003-03-22",16.2
"2003-04-01",16.2
"2003-04-11",16.1
"2003-04-21",15.9
"2003-04-30",15.9
"2003-05-11",16
"2003-05-21",16
"2003-05-30",16
"2003-06-09",15.8
"2003-06-19",16
"2003-06-29",15.8
"2003-07-09",15.9
"2003-07-19",16.4
"2003-07-29",16.4
"2003-08-08",16.5
"2003-08-18",16.2
"2003-08-27",16.6
"2003-09-07",17
"2003-09-17",17
"2003-09-26",16.9
"2003-10-06",17.2
"2003-10-16",17
"2003-10-26",17
"2003-11-05",16.8
"2003-11-14",16.8
"2003-12-05",16.9
"2003-12-15",16.6
"2003-12-25",16.2
"2004-01-04",16.3
"2004-01-14",16.8
"2004-01-24",16.7
"2004-02-02",16.5
"2004-02-11",15.8
"2004-02-24",16.3
"2004-03-03",16.4
"2004-03-13",16.2
"2004-03-23",16.2
"2004-04-01",16.5
"2004-04-11",16.3
"2004-04-22",16.6
"2004-05-01",16.1
"2004-05-11",16
"2004-05-21",15.8
"2004-05-31",16.2
"2004-06-10",16.1
"2004-06-20",16.1
"2004-06-30",16.6
"2004-07-10",16.7
"2004-07-19",16.6
"2004-07-29",16.4
"2004-08-08",16.6
"2004-08-18",17
"2004-08-28",17.1
"2004-09-07",17.3
"2004-09-17",17.7
"2004-09-27",17.3
"2004-10-07",17.5
"2004-10-17",17.6
"2004-10-26",17.4
"2004-11-05",17.4
"2004-11-15",17.4
"2004-11-25",16.9
"2004-12-05",17
"2004-12-15",17.1
"2004-12-25",17.6
"2005-01-04",16.9
"2005-01-14",16.7
"2005-01-23",16.9
"2005-02-02",16.8
"2005-02-13",17
"2005-02-22",17
"2005-03-04",17.3
"2005-03-14",17.2
"2005-03-24",16.6
"2005-04-03",16.7
"2005-04-13",17
"2005-04-23",16.7
"2005-05-03",16.9
"2005-05-13",16.9
"2005-05-23",16.7
"2005-06-01",16.8
"2005-06-12",16.9
"2005-06-22",17
"2005-07-01",16.9
"2005-07-11",17.2
"2005-07-21",16.9
"2005-07-31",17.2
"2005-08-10",17
"2005-08-20",17.3
"2005-08-30",17.6
"2005-09-09",17.6
"2005-09-17",17.7
"2005-09-30",17.9
"2005-10-09",18
"2005-10-19",17.8
"2005-10-28",17.8
"2005-11-07",18.1
"2005-11-17",17.9
"2005-11-27",17.8
"2005-12-07",17.6
"2005-12-17",17.5
"2005-12-27",17.5
"2006-01-06",17.2
"2006-01-16",16.8
"2006-01-26",16.9
"2006-02-05",17
"2006-02-15",16.9
"2006-02-25",16.9
"2006-03-06",17.1
"2006-03-16",16.5
"2006-03-26",16.9
"2006-04-05",16.7
"2006-04-15",16.6
"2006-04-25",16.6
"2006-05-05",16.6
"2006-05-15",17
"2006-05-25",17.1
"2006-06-04",17
"2006-06-14",17
"2006-06-24",17
"2006-07-03",17.2
"2006-07-13",17.4
"2006-07-23",17.3
"2006-08-02",17.3
"2006-08-12",17.2
"2006-08-22",17.7
"2006-09-01",18.1
"2006-09-11",18.1
"2006-09-21",18.2
"2006-10-01",18.1
"2006-10-11",18.2
"2006-10-21",18.2
"2006-10-28",18.1
"2006-11-20",17.9
"2006-11-29",17.7
"2006-12-09",18
"2006-12-19",17.7
"2006-12-29",17.6
"2007-01-08",17.1
"2007-01-18",16.8
"2007-01-28",17.1
"2007-02-07",17.1
"2007-02-17",17.2
"2007-02-27",17.3
"2007-03-08",17
"2007-03-18",17
"2007-03-29",17
"2007-04-07",17.3
"2007-04-17",17.3
"2007-04-27",17.1
"2007-05-07",16.6
"2007-05-17",17
"2007-05-27",17.1
"2007-06-06",17.1
"2007-06-16",16.8
"2007-06-26",16.9
"2007-07-06",17
"2007-07-15",16.9
"2007-07-26",16.9
"2007-08-04",17.1
"2007-08-14",17.7
"2007-08-24",17.5
"2007-09-03",17.4
"2007-09-13",17.5
"2007-09-23",18.1
"2007-10-03",18
"2007-10-13",17.9
"2007-10-23",18
"2007-11-02",17.6
"2007-11-11",17.9
"2007-11-22",18.3
"2007-12-02",18.1
"2007-12-11",17.8
"2007-12-21",17.2
"2007-12-31",17.2
"2008-01-10",17.4
"2008-01-20",17.5
"2008-01-30",17.5
"2008-02-09",17.1
"2008-02-19",17.2
"2008-02-29",16.9
"2008-03-10",17.2
"2008-03-19",17.3
"2008-03-29",17.1
"2008-04-08",17
"2008-04-18",17.1
"2008-04-28",17
"2008-05-06",17
"2008-05-18",17.6
"2008-05-28",17.8
"2008-06-07",17.6
"2008-06-17",17.5
"2008-06-26",17.6
"2008-07-06",17.8
"2008-07-16",17.6
"2008-07-26",17.6
"2008-08-05",17.6
"2008-08-15",18
"2008-08-25",17.9
"2008-09-03",18
"2008-09-14",17.9
"2008-09-23",18.2
"2008-10-03",18.3
"2008-10-13",18.3
"2008-10-23",18.3
"2008-11-02",18.2
"2008-11-12",18.2
"2008-11-22",18
"2008-12-02",18.3
"2008-12-11",17.9
"2008-12-22",17.6
"2008-12-31",17.7
"2009-01-10",17.7
"2009-01-20",17.7
"2009-01-30",17.5
"2009-02-09",17.3
"2009-02-19",17.5
"2009-03-01",17.6
"2009-03-11",17.6
"2009-03-21",17.6
"2009-03-31",17.6
"2009-04-09",17.5
"2009-04-19",17.6
"2009-04-30",17.5
"2009-05-09",17.4
"2009-05-19",17.4
"2009-05-29",17.3
"2009-06-08",17.5
"2009-06-18",17.6
"2009-06-28",17.5
"2009-07-08",17.4
"2009-07-18",17.8
"2009-07-28",18.3
"2009-08-07",18.1
"2009-08-16",18.3
"2009-08-27",18.4
"2009-09-05",18.6
"2009-09-15",18.9
"2009-09-25",18.9
"2009-10-05",18.9
"2009-10-15",19
"2009-10-25",19.1
"2009-11-04",19.2
"2009-11-14",18.8
"2009-11-24",18.8
"2009-12-04",18.5
"2009-12-13",18.2
"2009-12-24",18.7
"2010-01-03",18.3
"2010-01-12",18.1
"2010-01-22",18
"2010-02-01",17.6
"2010-02-11",18
"2010-02-21",18.2
"2010-03-03",18.5
"2010-03-13",17.9
"2010-03-23",17.9
"2010-04-02",17.8
"2010-04-12",18.1
"2010-04-22",18
"2010-05-02",17.7
"2010-05-11",17.8
"2010-05-21",18.1
"2010-05-31",18
"2010-06-10",18.2
"2010-06-20",18.2
"2010-06-30",18.2
"2010-07-10",18.1
"2010-07-20",18.3
"2010-07-30",18.2
"2010-08-09",18.2
"2010-08-19",18.4
"2010-08-29",18
"2010-09-08",18.3
"2010-09-17",18.4
"2010-09-27",18.3
"2010-10-07",18.4
"2010-10-17",18.6
"2010-10-27",18.5
"2010-11-06",18.3
"2010-11-16",18.3
"2010-11-26",17.9
"2010-12-06",17.9
"2010-12-16",17.9
"2010-12-26",18
"2011-01-05",17.6
"2011-01-14",17.5
"2011-01-24",17.6
"2011-02-03",17.6
"2011-02-13",17.5
"2011-02-23",17.5
"2011-03-05",17.5
"2011-03-15",17.6
"2011-03-25",17.2
"2011-04-04",17.4
"2011-04-14",17.3
"2011-04-24",17.3
"2011-05-04",17
"2011-05-14",17.4
"2011-05-23",17.5
"2011-06-02",17.5
"2011-06-13",17.8
"2011-06-22",18
"2011-07-02",17.9
"2011-07-12",18
"2011-07-22",17.9
"2011-08-01",18.1
"2011-08-11",18.6
"2011-08-21",18.7
"2011-08-31",18.8
"2011-09-10",18.7
"2011-09-19",18.7
"2011-09-29",19
"2011-10-10",19.1
"2011-10-19",19.3
"2011-10-29",18.7
"2011-11-08",18.6
"2011-11-18",18.7
"2011-11-28",19
"2011-12-08",18.8
"2011-12-18",18.7
"2011-12-28",18.5
"2012-01-07",18.7
"2012-01-17",18.6
"2012-01-26",18.7
"2012-02-05",18.6
"2012-02-15",18.7
"2012-02-25",18.5
"2012-03-06",18.4
"2012-03-16",18.3
"2012-03-26",18.5
"2012-04-05",18.3
"2012-04-15",18.4
"2012-04-25",18.4
"2012-05-04",18.4
"2012-05-14",18.5
"2012-05-24",18.5
"2012-06-03",18.4
"2012-06-13",18.9
"2012-06-23",18.9
"2012-07-03",18.9
"2012-07-13",19.3
"2012-07-23",19.5
"2012-08-02",19.4
"2012-08-11",19.5
"2012-08-21",19.2
"2012-08-31",19.7
"2012-09-10",19.7
"2012-09-20",20.1
"2012-09-30",20.1
"2012-10-10",20.2
"2012-10-20",19.9
"2012-10-30",19.9
"2012-11-09",20
"2012-11-18",19.9
"2012-11-28",19.7
"2012-12-08",19.9
"2012-12-18",19.5
"2012-12-28",19.5
"2013-01-07",19.4
"2013-01-17",19.3
"2013-01-27",19.5
"2013-02-06",19.4
"2013-02-16",19.2
"2013-02-25",19.3
"2013-03-07",19.5
"2013-03-17",19.3
"2013-04-08",19.2
"2013-04-16",18.8
"2013-04-26",19.1
"2013-05-06",19.1
"2013-05-16",18.9
"2013-05-26",18.8
"2013-06-05",18.8
"2013-06-15",18.8
"2013-06-24",19
"2013-07-04",19
"2013-07-15",19
"2013-07-24",19.3
"2013-08-03",19.4
"2013-08-13",19
"2013-08-23",19.3
"2013-09-01",19.7
"2013-09-14",19.6
"2013-09-22",19.7
"2013-10-02",19.8
"2013-10-12",19.9
"2013-10-22",20.2
"2013-10-31",20.3
"2013-11-11",20.1
"2013-11-20",20
"2013-11-30",19.8
"2013-12-10",19.4
"2013-12-20",19.4
"2013-12-30",19.5
"2014-01-09",19.4
"2014-01-19",19.5
"2014-01-29",19.4
"2014-02-08",19.5
"2014-02-18",19.6
"2014-02-27",19.7
"2014-03-10",19.6
"2014-03-20",19.5
"2014-03-29",19.5
"2014-04-08",19.4
"2014-04-18",19.3
"2014-04-28",19
"2014-05-08",19
"2014-05-18",19.1
"2014-05-28",19.2
"2014-06-07",19.2
"2014-06-17",19.3
"2014-06-27",19.5
"2014-07-07",19.7
"2014-07-17",19.8
"2014-07-26",19.6
"2014-08-05",20
"2014-08-15",20.3
"2014-08-25",20.4
"2014-09-04",20.3
"2014-09-14",20.4
"2014-09-24",20.2
"2014-10-04",20.4
"2014-10-14",20.7
"2014-10-24",20.8
"2014-11-03",20.4
"2014-11-13",20.3
"2014-11-23",19.9
"2014-12-02",20.1
"2014-12-12",20.7
"2014-12-22",20.2
"2015-01-01",19.7
"2015-01-11",20
"2015-01-21",19.9
"2015-01-31",20.2
"2015-02-10",20.2
"2015-02-20",20.5
"2015-03-02",20.4
"2015-03-12",20.2
"2015-03-22",20.1
"2015-03-31",20.3
"2015-04-10",20.4
"2015-04-20",20.3
"2015-04-30",20.2
"2015-05-10",20
"2015-05-20",19.9
"2015-05-30",20.3
"2015-06-09",20.4
"2015-06-19",20.5
"2015-06-29",20.7
"2015-07-09",20.6
"2015-07-19",20.7
"2015-07-29",20.9
"2015-08-07",21.2
"2015-08-17",21.1
"2015-08-27",21.7
"2015-09-06",21.8
"2015-09-16",21.7
"2015-09-26",21.9
"2015-10-06",22
"2015-10-16",22
"2015-10-26",22.2
"2015-11-05",21.8
"2015-11-15",21.5
"2015-11-25",21.6
"2015-12-04",21.4
"2015-12-14",21.2
"2015-12-25",20.9
"2016-01-03",20.6
"2016-01-13",21.1
"2016-01-23",21.3
"2016-02-02",20.9
"2016-02-12",21.1
"2016-02-22",21
"2016-03-03",21
"2016-03-12",20.9
"2016-03-22",21.2
"2016-04-02",21
"2016-04-11",20.9
"2016-04-21",20.6
"2016-05-01",20.5
"2016-05-11",20.5
"2016-05-21",20.4
"2016-05-31",20.7
"2016-06-10",20.6
"2016-06-19",20.8
"2016-06-29",20.7
"2016-07-09",20.8
"2016-07-19",20.8
"2016-07-29",20.7
"2016-08-08",20.7
"2016-08-18",20.8
"2016-08-28",21.2
"2016-09-07",21.5
"2016-09-17",21.5
"2016-09-26",21.3
"2016-10-06",21.2
"2016-10-16",21.6
"2016-10-26",21.5
"2016-11-05",21.6
"2016-11-15",21.7
"2016-11-25",22
"2016-12-05",21.5
"2016-12-15",21.2
"2016-12-25",21
"2017-01-03",20.9
"2017-01-13",21
"2017-01-23",20.8
"2017-02-02",20.7
"2017-02-12",20.6
"2017-02-22",20.6
"2017-03-04",20.7
"2017-03-14",20.8
"2017-03-24",20.8
"2017-04-03",20.9
"2017-04-13",20.7
"2017-04-23",20.7
"2017-05-02",20.6
"2017-05-12",20.7
"2017-05-22",20.3
"2017-06-01",20.6
"2017-06-11",20.6
"2017-06-21",20.6
"2017-07-01",20.7
"2017-07-11",20.9
"2017-07-21",21
"2017-07-31",21.4
"2017-08-10",21.4
"2017-08-20",21.4
"2017-08-30",21.7
"2017-09-08",22
"2017-09-18",22
"2017-09-28",21.8
"2017-10-08",21.8
"2017-10-18",21.8
"2017-10-28",22
"2017-11-07",22.2
"2017-11-17",22.1
"2017-11-27",22.2
"2017-12-07",22
"2017-12-17",21.8
"2017-12-27",21.5
"2018-01-05",21.5
"2018-01-15",21.5
"2018-01-26",21.5
"2018-02-04",21.4
"2018-02-14",21.1
"2018-02-24",20.9
"2018-03-06",21.4
"2018-03-16",21.3
"2018-03-26",21.1
"2018-04-05",20.8
"2018-04-15",21.1
"2018-04-25",21.1
"2018-05-05",21.1
"2018-05-14",21
"2018-05-25",21
"2018-06-04",21.1
"2018-06-13",21.1
"2018-06-23",21.1
"2018-07-03",21.2
"2018-07-13",21.5
"2018-07-23",21.6
"2018-08-02",21.5
"2018-08-12",21.7
"2018-08-22",21.8
"2018-09-01",22.1
"2018-09-10",22.4
"2018-09-21",22.3
"2018-10-01",22.7
"2018-10-10",22.4
"2018-10-20",22.6
"2018-10-30",22.8
"2018-11-09",22.6
"2018-11-19",22.3
"2018-11-29",22
"2018-12-09",22
"2018-12-19",22
"2018-12-29",21.9
"2019-01-08",21.7
"2019-01-18",22.2
"2019-01-28",21.8
"2019-02-07",21.9
"2019-02-16",21.8
"2019-03-10",21.9
"2019-03-18",22
"2019-03-28",21.7
"2019-04-05",21.8
"2019-04-17",21.7
"2019-04-27",21.9
"2019-05-07",22.1
"2019-05-17",21.7
"2019-05-27",21.6
"2019-06-06",21.7
"2019-06-15",22.1
"2019-06-25",22
"2019-07-05",22.1
"2019-07-15",22.2
"2019-07-25",22.2
"2019-08-04",22.4
"2019-08-14",22.9
"2019-08-24",23.1
"2019-09-03",23
"2019-09-13",23.2
"2019-09-23",23.1
"2019-10-03",23
"2019-10-13",23.1
"2019-10-22",23
"2019-11-01",22.9
"2019-11-11",23.2
"2019-11-21",23
"2019-12-01",22.9
"2019-12-11",23
"2019-12-21",22.7
"2019-12-31",22.5
"2020-01-10",22.2
"2020-01-20",21.8
"2020-01-28",22
"2020-02-18",22.2
"2020-02-28",22
"2020-03-09",22.2
"2020-03-19",21.9
"2020-03-29",22.1
"2020-04-08",22.1
"2020-04-18",21.9
"2020-04-28",21.9
"2020-05-08",22.1
"2020-05-18",22.1
"2020-05-27",22
"2020-06-06",22.2
"2020-06-16",22
"2020-06-26",22.2
"2020-07-06",22.2
"2020-07-16",22.4
"2020-07-26",22.6
"2020-08-04",22.6
"2020-08-15",22.5
"2020-08-25",22.8
"2020-09-03",23
"2020-09-13",23
"2020-09-23",23
"2020-10-03",23.3
"2020-10-13",23.3
"2020-10-22",23.2
"2020-11-02",23.4
"2020-11-11",23.2
"2020-11-21",22.9
"2020-12-02",23.1
"2020-12-11",22.9
"2020-12-21",22.7
"2020-12-31",22.8
"2021-01-10",22.8
"2021-01-20",22.8
"2021-01-30",22.8
"2021-02-09",22.5
"2021-02-19",22.202
"2021-03-01",22.112
"2021-03-11",22.312
"2021-03-20",22.442
"2021-03-30",22.712
"2021-04-09",22.612
"2021-04-19",22.522
"2021-04-29",22.222
"2021-05-09",22.472
"2021-05-19",22.712
"2021-05-29",22.552
"2021-06-08",22.272
"2021-06-18",22.562
"2021-06-28",22.582
"2021-07-08",22.812
"2021-07-17",22.742
"2021-07-27",23.052
"2021-08-06",23.312
"2021-08-16",23.482
"2021-08-26",23.162
"2021-09-05",23.492
"2021-09-15",23.842
"2021-09-25",23.752
"2021-10-05",23.812
"2021-10-15",23.852
"2021-10-25",23.952
"2021-11-04",23.742
"2021-11-14",23.432
"2021-11-23",23.612
"2021-12-03",23.742
"2021-12-13",23.182
"2021-12-23",22.952
"2022-01-02",23.072
"2022-01-12",23.262
"2022-01-22",23.252
"2022-02-01",22.932
"2022-02-11",23.002
"2022-02-21",22.552
"2022-03-03",22.502
"2022-03-13",22.832
"2022-03-22",22.732
"2022-04-01",22.792
"2022-04-12",23.002
"2022-04-21",22.612
"2022-05-01",22.852
"2022-05-11",22.492
"2022-05-21",22.642
"2022-05-31",22.512
"2022-06-10",22.682
"2022-06-20",22.512
"2022-06-30",22.952
"2022-07-10",23.352
"2022-07-20",23.582
"2022-07-29",23.302
"2022-08-09",23.012
"2022-08-18",23.332
"2022-08-28",23.492
"2022-09-07",23.922
"2022-09-17",24.072
"2022-09-27",24.202
"2022-10-07",24.012
"2022-10-17",23.782
"2022-10-27",23.782
"2022-11-06",24.112
"2022-11-16",23.762
"2022-11-25",23.702
"2022-12-06",23.322
"2022-12-16",23.752
"2022-12-25",23.702
"2023-01-04",23.502
"2023-01-14",23.762
"2023-01-24",23.552
"2023-02-03",23.192
"2023-02-13",23.052
"2023-02-23",23.112
"2023-03-05",23.312
"2023-03-15",23.502
"2023-03-25",23.302
"2023-04-04",22.892
"2023-04-14",22.662
"2023-04-23",23.002
"2023-05-03",23.092
"2023-05-13",23.472
"2023-05-23",23.322
"2023-06-02",23.292
"2023-06-12",23.202
"2023-06-22",23.392
"2023-07-02",23.822
"2023-07-12",24.222
"2023-07-22",24.052
"2023-08-01",24.202
"2023-08-11",24.462
"2023-08-21",24.492
"2023-08-30",24.812
"2023-09-07",24.802
